timestamp,roll,pitch,yaw
1456703940183118,-0.909862,-0.179483,-0.416516
1456703940199117,-0.910478,-0.17927,-0.416358
1456703940221663,-0.910476,-0.17916,-0.416116
1456703940245138,-0.911111,-0.178839,-0.41601
1456703940260138,-0.911111,-0.178839,-0.41601
1456703940281140,-0.910716,-0.178587,-0.415694
1456703940306173,-0.910869,-0.17856,-0.415575
1456703940359613,-0.910869,-0.17856,-0.415575
1456703940360368,-0.910672,-0.177962,-0.415563
1456703940368561,-0.911285,-0.177638,-0.415164
1456703940383399,-0.912038,-0.177236,-0.414793
1456703940402364,-0.912281,-0.176828,-0.414734
1456703940425885,-0.912128,-0.176801,-0.414733
1456703940440425,-0.911975,-0.176773,-0.414732
1456703940486604,-0.912218,-0.176366,-0.414672
1456703940489394,-0.912529,-0.176208,-0.414754
1456703940506463,-0.912433,-0.175802,-0.414788
1456703940522135,-0.912137,-0.175069,-0.414852
1456703940544407,-0.912032,-0.174092,-0.414901
1456703940566408,-0.911735,-0.173303,-0.414844
1456703940582411,-0.912001,-0.172465,-0.414675
1456703940604653,-0.911644,-0.171324,-0.414798
1456703940626917,-0.911669,-0.170262,-0.414315
1456703940641459,-0.91224,-0.169369,-0.413911
1456703940664664,-0.912406,-0.168339,-0.413699
1456703940687636,-0.912897,-0.167201,-0.413423
1456703940701427,-0.912596,-0.165463,-0.413102
1456703940724958,-0.91222,-0.163635,-0.412441
1456703940746958,-0.911514,-0.161696,-0.411363
1456703940762155,-0.911615,-0.160126,-0.409319
1456703940784124,-0.912286,-0.158391,-0.406661
1456703940807128,-0.912668,-0.15644,-0.403936
1456703940821906,-0.912743,-0.15414,-0.401824
1456703940843190,-0.912469,-0.151221,-0.399704
1456703940867190,-0.911969,-0.148926,-0.39785
1456703940881200,-0.912585,-0.147422,-0.396196
1456703940903193,-0.911343,-0.146386,-0.395542
1456703940926705,-0.907848,-0.145519,-0.395451
1456703940941205,-0.903991,-0.144363,-0.396037
1456703940963206,-0.901433,-0.143907,-0.396611
1456703940986207,-0.899233,-0.144747,-0.397426
1456703941002209,-0.896161,-0.14564,-0.397906
1456703941023959,-0.891967,-0.146534,-0.398631
1456703941046220,-0.888348,-0.147532,-0.399349
1456703941061220,-0.883594,-0.147586,-0.399486
1456703941083221,-0.878786,-0.146347,-0.398703
1456703941106222,-0.874985,-0.144873,-0.397218
1456703941122729,-0.872208,-0.14389,-0.39594
1456703941143235,-0.869692,-0.143074,-0.394326
1456703941166236,-0.865931,-0.141305,-0.392142
1456703941182237,-0.862101,-0.138154,-0.389052
1456703941203238,-0.857457,-0.13398,-0.385565
1456703941226745,-0.852214,-0.129375,-0.381987
1456703941242251,-0.846697,-0.1248,-0.378248
1456703941263252,-0.841307,-0.120523,-0.375342
1456703941286254,-0.835314,-0.116719,-0.373971
1456703941302254,-0.828904,-0.113889,-0.373105
1456703941323762,-0.821572,-0.112134,-0.372999
1456703941346268,-0.816803,-0.112791,-0.372183
1456703941362269,-0.814163,-0.114409,-0.370068
1456703941383269,-0.812157,-0.11636,-0.366896
1456703941406472,-0.812945,-0.117691,-0.364292
1456703941423067,-0.814021,-0.120108,-0.361939
1456703941443380,-0.809943,-0.122561,-0.360564
1456703941466186,-0.806382,-0.122761,-0.35935
1456703941482182,-0.806729,-0.121903,-0.357792
1456703941503183,-0.810079,-0.122127,-0.356133
1456703941526934,-0.8117,-0.121905,-0.353937
1456703941542397,-0.809232,-0.121076,-0.351679
1456703941565400,-0.807231,-0.12052,-0.350371
1456703941586737,-0.807972,-0.120084,-0.349351
1456703941602402,-0.808872,-0.119474,-0.349076
1456703941624002,-0.809417,-0.118731,-0.349005
1456703941646024,-0.80907,-0.118049,-0.348183
1456703941663025,-0.806783,-0.11725,-0.348363
1456703941684185,-0.803919,-0.114729,-0.348824
1456703941707186,-0.802445,-0.112009,-0.349117
1456703941722552,-0.802663,-0.110536,-0.349321
1456703941743064,-0.79994,-0.109801,-0.350109
1456703941766063,-0.796523,-0.108206,-0.350152
1456703941788063,-0.793972,-0.106322,-0.350064
1456703941803064,-0.792127,-0.104379,-0.350155
1456703941827013,-0.78874,-0.103636,-0.35092
1456703941848474,-0.782769,-0.103226,-0.35244
1456703941863475,-0.777496,-0.102688,-0.354289
1456703941886753,-0.773041,-0.102374,-0.356352
1456703941908477,-0.769458,-0.102255,-0.357799
1456703941923488,-0.765701,-0.103089,-0.358725
1456703941946493,-0.762225,-0.104779,-0.359999
1456703941968499,-0.757594,-0.106287,-0.362404
1456703941985496,-0.754497,-0.106723,-0.364734
1456703942006532,-0.750722,-0.107795,-0.366653
1456703942028953,-0.746432,-0.10971,-0.369325
1456703942043901,-0.743882,-0.111708,-0.372011
1456703942067120,-0.740831,-0.113379,-0.374807
1456703942089091,-0.737166,-0.114581,-0.376433
1456703942105906,-0.732223,-0.116294,-0.378394
1456703942127003,-0.729347,-0.118397,-0.380908
1456703942148213,-0.727876,-0.120206,-0.383302
1456703942165211,-0.724126,-0.121331,-0.386593
1456703942186481,-0.72145,-0.120808,-0.389826
1456703942208500,-0.719962,-0.121747,-0.393055
1456703942226137,-0.718728,-0.123023,-0.396066
1456703942246803,-0.716423,-0.124046,-0.398995
1456703942268803,-0.713311,-0.125222,-0.40148
1456703942285803,-0.709793,-0.126277,-0.403192
1456703942306810,-0.706678,-0.127429,-0.404628
1456703942328860,-0.703733,-0.128962,-0.406579
1456703942345865,-0.700119,-0.130528,-0.409052
1456703942366867,-0.695131,-0.130978,-0.411922
1456703942388868,-0.68992,-0.130448,-0.414462
1456703942405870,-0.686057,-0.129671,-0.416539
1456703942426820,-0.684077,-0.128999,-0.418488
1456703942448586,-0.682358,-0.129205,-0.420555
1456703942465586,-0.679736,-0.129752,-0.423
1456703942486863,-0.675113,-0.129598,-0.42592
1456703942508802,-0.671056,-0.129542,-0.428849
1456703942525848,-0.668254,-0.13094,-0.431265
1456703942546805,-0.665195,-0.133707,-0.434036
1456703942569030,-0.66202,-0.135783,-0.437588
1456703942586030,-0.659378,-0.136584,-0.441314
1456703942607059,-0.656921,-0.136976,-0.44449
1456703942629215,-0.654207,-0.137277,-0.446497
1456703942645693,-0.651747,-0.137664,-0.448218
1456703942674733,-0.64986,-0.138514,-0.450856
1456703942688667,-0.647482,-0.13978,-0.454285
1456703942705928,-0.645258,-0.140434,-0.457803
1456703942726728,-0.644044,-0.141278,-0.461126
1456703942747950,-0.64424,-0.142262,-0.464529
1456703942772043,-0.642753,-0.143162,-0.468241
1456703942787042,-0.640341,-0.143959,-0.471971
1456703942809038,-0.63864,-0.144549,-0.474978
1456703942825932,-0.637133,-0.145343,-0.477636
1456703942847103,-0.635127,-0.146712,-0.479741
1456703942869043,-0.631618,-0.14756,-0.482254
1456703942885894,-0.628535,-0.147673,-0.484994
1456703942906896,-0.62722,-0.148332,-0.487996
1456703942928913,-0.626338,-0.149301,-0.490751
1456703942945921,-0.625697,-0.149771,-0.493391
1456703942965927,-0.625738,-0.14968,-0.495428
1456703942989027,-0.625784,-0.149624,-0.497199
1456703943012004,-0.624606,-0.149511,-0.499346
1456703943027623,-0.622241,-0.148888,-0.501797
1456703943048136,-0.620748,-0.148478,-0.50338
1456703943071353,-0.619039,-0.148892,-0.504427
1456703943096172,-0.616793,-0.149439,-0.505589
1456703943108336,-0.614116,-0.149515,-0.506882
1456703943131931,-0.612115,-0.149524,-0.507797
1456703943147728,-0.610578,-0.149325,-0.508523
1456703943168735,-0.609092,-0.149385,-0.509154
1456703943191736,-0.608255,-0.149568,-0.50963
1456703943207731,-0.607176,-0.149648,-0.510004
1456703943230742,-0.606394,-0.149567,-0.510419
1456703943251970,-0.605746,-0.149442,-0.510574
1456703943267756,-0.605504,-0.149339,-0.510471
1456703943288986,-0.604512,-0.149077,-0.510154
1456703943312147,-0.603571,-0.14844,-0.50978
1456703943328154,-0.604063,-0.147562,-0.509524
1456703943349369,-0.605384,-0.147026,-0.509552
1456703943371371,-0.606976,-0.146479,-0.509323
1456703943387371,-0.607416,-0.145189,-0.508249
1456703943408377,-0.607289,-0.143995,-0.506738
1456703943431893,-0.606516,-0.142081,-0.50555
1456703943447401,-0.606285,-0.140334,-0.504891
1456703943468619,-0.60634,-0.139396,-0.503949
1456703943491665,-0.606637,-0.139231,-0.502411
1456703943509405,-0.606745,-0.13926,-0.500805
1456703943529414,-0.606748,-0.138659,-0.499395
1456703943551758,-0.60737,-0.137658,-0.497841
1456703943568759,-0.609014,-0.136834,-0.496379
1456703943589026,-0.610442,-0.136354,-0.494943
1456703943611992,-0.611061,-0.135872,-0.49336
1456703943628055,-0.611382,-0.135438,-0.491346
1456703943650124,-0.611735,-0.135001,-0.488967
1456703943671018,-0.61133,-0.133782,-0.487203
1456703943687019,-0.611407,-0.132167,-0.485426
1456703943709045,-0.612405,-0.13185,-0.484082
1456703943731560,-0.61235,-0.131398,-0.482356
1456703943747030,-0.609818,-0.130742,-0.481185
1456703943768037,-0.609138,-0.128984,-0.479979
1456703943792050,-0.609768,-0.125551,-0.478243
1456703943809050,-0.610624,-0.119831,-0.476527
1456703943829254,-0.610801,-0.112954,-0.474235
1456703943851599,-0.611838,-0.105286,-0.472101
1456703943874264,-0.611292,-0.098085,-0.470179
1456703943888552,-0.609437,-0.0925304,-0.46863
1456703943911602,-0.609387,-0.0884364,-0.46736
1456703943934079,-0.612128,-0.0867045,-0.466007
1456703943949294,-0.616885,-0.0870825,-0.464714
1456703943971337,-0.62048,-0.085153,-0.464501
1456703943988321,-0.625016,-0.0828786,-0.46539
1456703944010298,-0.618374,-0.080163,-0.466904
1456703944031819,-0.617025,-0.0779317,-0.466372
1456703944048326,-0.617462,-0.0793513,-0.465546
1456703944070327,-0.61604,-0.0821895,-0.465678
1456703944091368,-0.612907,-0.0867695,-0.466011
1456703944108328,-0.609837,-0.0923142,-0.466475
1456703944132377,-0.608935,-0.0969106,-0.466369
1456703944151388,-0.610229,-0.100482,-0.465836
1456703944168354,-0.612101,-0.103463,-0.466304
1456703944190355,-0.612256,-0.105878,-0.467167
1456703944211362,-0.612035,-0.109211,-0.467847
1456703944228408,-0.612172,-0.113452,-0.467899
1456703944250636,-0.612294,-0.11885,-0.46706
1456703944271412,-0.611535,-0.123928,-0.465887
1456703944293392,-0.610288,-0.127248,-0.465017
1456703944310430,-0.608357,-0.127552,-0.464635
1456703944341409,-0.609799,-0.126456,-0.464199
1456703944353411,-0.614062,-0.125635,-0.463953
1456703944370411,-0.61674,-0.124236,-0.462825
1456703944391661,-0.618314,-0.123055,-0.462411
1456703944413413,-0.617551,-0.122318,-0.462366
1456703944430615,-0.61749,-0.121911,-0.462343
1456703944451560,-0.617409,-0.121769,-0.462794
1456703944473512,-0.61794,-0.121178,-0.462985
1456703944490539,-0.618235,-0.121009,-0.462642
1456703944511651,-0.618392,-0.120771,-0.461778
1456703944534115,-0.619634,-0.120613,-0.46081
1456703944549956,-0.620544,-0.12007,-0.460462
1456703944572064,-0.62099,-0.119182,-0.460207
1456703944592958,-0.621248,-0.118533,-0.460397
1456703944618090,-0.622379,-0.118276,-0.460374
1456703944631472,-0.623771,-0.117813,-0.459858
1456703944654091,-0.624305,-0.117257,-0.459789
1456703944669987,-0.624785,-0.116854,-0.459785
1456703944692091,-0.625592,-0.116765,-0.459689
1456703944713983,-0.626662,-0.116102,-0.459649
1456703944730510,-0.626895,-0.115118,-0.459711
1456703944751018,-0.627395,-0.114042,-0.45966
1456703944774016,-0.628304,-0.113463,-0.459585
1456703944791018,-0.628976,-0.113384,-0.459616
1456703944812020,-0.629192,-0.113108,-0.459463
1456703944834035,-0.628211,-0.112605,-0.459053
1456703944850050,-0.627236,-0.112252,-0.45876
1456703944872050,-0.627236,-0.112252,-0.45876
1456703944894051,-0.627236,-0.112252,-0.45876
1456703944911052,-0.627151,-0.111993,-0.458439
1456703944933407,-0.626876,-0.111894,-0.457918
1456703944954041,-0.626876,-0.111894,-0.457918
1456703944969921,-0.626606,-0.111906,-0.457386
1456703944993079,-0.62647,-0.111877,-0.457384
1456703945012920,-0.626133,-0.110927,-0.457138
1456703945038715,-0.626269,-0.110947,-0.456358
1456703945053507,-0.626076,-0.11062,-0.455935
1456703945073794,-0.624477,-0.110015,-0.456083
1456703945090508,-0.622091,-0.108792,-0.456539
1456703945113511,-0.620723,-0.106646,-0.457052
1456703945133817,-0.620775,-0.103925,-0.457484
1456703945150330,-0.618948,-0.100877,-0.457998
1456703945174330,-0.616908,-0.0975804,-0.458311
1456703945193548,-0.615297,-0.0945548,-0.458256
1456703945210332,-0.613273,-0.0924124,-0.458471
1456703945238770,-0.611624,-0.0897259,-0.458719
1456703945253561,-0.610889,-0.0865708,-0.458885
1456703945270561,-0.610933,-0.0834412,-0.45893
1456703945293562,-0.611564,-0.0804632,-0.458919
1456703945317563,-0.613329,-0.0773365,-0.4589
1456703945330857,-0.615857,-0.0741588,-0.458129
1456703945353873,-0.618634,-0.0721951,-0.457644
1456703945373875,-0.620523,-0.0725059,-0.460395
1456703945391116,-0.62146,-0.0706971,-0.460216
1456703945412876,-0.617588,-0.0684831,-0.459961
1456703945433818,-0.615752,-0.0688586,-0.45962
1456703945450107,-0.613279,-0.0716166,-0.459458
1456703945473108,-0.60889,-0.0760576,-0.459534
1456703945493327,-0.604992,-0.082259,-0.459737
1456703945516326,-0.602798,-0.0880917,-0.460412
1456703945533995,-0.604767,-0.0917267,-0.460427
1456703945553640,-0.608125,-0.0938232,-0.460276
1456703945576648,-0.609929,-0.0951993,-0.460296
1456703945593354,-0.610937,-0.0978536,-0.460052
1456703945613356,-0.609362,-0.102126,-0.460312
1456703945636881,-0.606268,-0.10724,-0.46107
1456703945653390,-0.602531,-0.111724,-0.461642
1456703945673605,-0.601561,-0.114246,-0.461646
1456703945696391,-0.604397,-0.116381,-0.46119
1456703945720392,-0.605871,-0.118676,-0.460654
1456703945733981,-0.60497,-0.121643,-0.460421
1456703945757191,-0.603195,-0.123174,-0.460087
1456703945773191,-0.60332,-0.122496,-0.459486
1456703945797194,-0.606917,-0.120438,-0.458423
1456703945817194,-0.61023,-0.119182,-0.45845
1456703945833488,-0.608907,-0.11867,-0.459516
1456703945855282,-0.608176,-0.118343,-0.459858
1456703945876586,-0.607666,-0.118301,-0.460132
1456703945893284,-0.607447,-0.118054,-0.459936
1456703945915286,-0.608335,-0.118184,-0.459249
1456703945937079,-0.608121,-0.118011,-0.458916
1456703945953613,-0.608086,-0.117491,-0.458927
1456703945975631,-0.608212,-0.116886,-0.458974
1456703945996598,-0.608665,-0.116596,-0.45854
1456703946013599,-0.609196,-0.116002,-0.457947
1456703946035665,-0.61002,-0.115239,-0.457403
1456703946057009,-0.610573,-0.114458,-0.457374
1456703946072927,-0.611322,-0.114111,-0.457371
1456703946094928,-0.612311,-0.113786,-0.457219
1456703946115935,-0.61308,-0.113176,-0.456743
1456703946133486,-0.61308,-0.113176,-0.456743
1456703946154958,-0.612944,-0.113147,-0.456742
1456703946175959,-0.612944,-0.113147,-0.456742
1456703946193979,-0.613774,-0.112943,-0.45629
1456703946214963,-0.614339,-0.112831,-0.455951
1456703946236979,-0.613853,-0.112638,-0.455742
1456703946252991,-0.61382,-0.112154,-0.455491
1456703946274990,-0.614456,-0.11159,-0.45527
1456703946295991,-0.614643,-0.111392,-0.455343
1456703946312993,-0.614643,-0.111392,-0.455343
1456703946335534,-0.614507,-0.111363,-0.455341
1456703946356446,-0.614608,-0.110871,-0.454966
1456703946373220,-0.614601,-0.11031,-0.454488
1456703946395221,-0.61443,-0.109761,-0.454109
1456703946424436,-0.614581,-0.109038,-0.453025
1456703946433704,-0.616247,-0.109185,-0.452214
1456703946455630,-0.615431,-0.108608,-0.452622
1456703946476601,-0.612326,-0.107176,-0.453403
1456703946493597,-0.611815,-0.104713,-0.453886
1456703946515634,-0.611659,-0.100511,-0.453581
1456703946536674,-0.612043,-0.0962378,-0.453438
1456703946553669,-0.61241,-0.0915598,-0.454085
1456703946575642,-0.612138,-0.0867762,-0.454485
1456703946596645,-0.611138,-0.0836784,-0.455026
1456703946613680,-0.610457,-0.0813423,-0.455184
1456703946635944,-0.610418,-0.0791479,-0.454944
1456703946656807,-0.612674,-0.0765065,-0.454368
1456703946673804,-0.61612,-0.0734508,-0.454129
1456703946703804,-0.619748,-0.0711995,-0.453379
1456703946716836,-0.621949,-0.0718175,-0.455651
1456703946733612,-0.624054,-0.0691367,-0.453933
1456703946755656,-0.622464,-0.0667863,-0.453951
1456703946776883,-0.618233,-0.0654999,-0.453514
1456703946799769,-0.618952,-0.0676041,-0.453029
1456703946815661,-0.617366,-0.0730313,-0.453506
1456703946838606,-0.613287,-0.0801814,-0.453132
1456703946859897,-0.609919,-0.0882566,-0.451877
1456703946877653,-0.60984,-0.0927293,-0.450767
1456703946898619,-0.613096,-0.0946291,-0.449739
1456703946919817,-0.614212,-0.0961187,-0.449823
1456703946935855,-0.615049,-0.0984482,-0.450319
1456703946957958,-0.615274,-0.101191,-0.450549
1456703946978991,-0.613014,-0.103095,-0.450053
1456703946995797,-0.613331,-0.103256,-0.448677
1456703947019931,-0.616104,-0.103843,-0.447252
1456703947039512,-0.617079,-0.104666,-0.446211
1456703947055027,-0.616674,-0.104654,-0.445678
1456703947078029,-0.616452,-0.104369,-0.444967
1456703947099070,-0.617293,-0.104792,-0.444469
1456703947115030,-0.619086,-0.105747,-0.444483
1456703947138552,-0.61924,-0.10551,-0.444016
1456703947159065,-0.618664,-0.104621,-0.444559
1456703947175067,-0.618695,-0.105031,-0.444944
1456703947198068,-0.62029,-0.105551,-0.444545
1456703947219069,-0.620374,-0.105766,-0.443959
1456703947235487,-0.619509,-0.10549,-0.443768
1456703947259972,-0.619373,-0.105462,-0.443766
1456703947279183,-0.620475,-0.105309,-0.443714
1456703947295974,-0.621389,-0.105318,-0.443462
1456703947318975,-0.621814,-0.105098,-0.442874
1456703947339797,-0.621484,-0.104745,-0.442449
1456703947355289,-0.62083,-0.104157,-0.442368
1456703947384625,-0.620828,-0.104122,-0.442632
1456703947399625,-0.621803,-0.1045,-0.442663
1456703947415293,-0.622377,-0.104943,-0.442414
1456703947438814,-0.621594,-0.104848,-0.442289
1456703947459362,-0.621068,-0.104139,-0.442095
1456703947475626,-0.622002,-0.10355,-0.442048
1456703947498542,-0.623074,-0.103398,-0.441973
1456703947519620,-0.62307,-0.103322,-0.441721
1456703947535809,-0.622023,-0.103361,-0.441832
1456703947558829,-0.621862,-0.103447,-0.441794
1456703947579565,-0.621892,-0.103444,-0.441819
1456703947595571,-0.62267,-0.103424,-0.441566
1456703947618568,-0.62267,-0.103424,-0.441566
1456703947639675,-0.62194,-0.103179,-0.441765
1456703947669962,-0.62194,-0.103179,-0.441765
1456703947678663,-0.621804,-0.103152,-0.441763
1456703947699665,-0.621804,-0.103152,-0.441763
1456703947715924,-0.621447,-0.102876,-0.441176
1456703947738654,-0.621206,-0.102816,-0.440808
1456703947760977,-0.62029,-0.102771,-0.440932
1456703947781776,-0.618803,-0.102319,-0.441042
1456703947798765,-0.616283,-0.101125,-0.442004
1456703947820766,-0.614871,-0.09847,-0.442526
1456703947835562,-0.614648,-0.0958791,-0.443192
1456703947858579,-0.614337,-0.0924752,-0.443843
1456703947880581,-0.614855,-0.0887893,-0.444194
1456703947901954,-0.61391,-0.0858039,-0.444555
1456703947918582,-0.61413,-0.0836281,-0.444588
1456703947941040,-0.615626,-0.0808781,-0.444294
1456703947957986,-0.618153,-0.0769368,-0.443617
1456703947977896,-0.622234,-0.0725109,-0.442771
1456703947999897,-0.627014,-0.0692306,-0.442532
1456703948021938,-0.631426,-0.0672873,-0.44307
1456703948038891,-0.630728,-0.0629396,-0.442308
1456703948059934,-0.629664,-0.0587822,-0.442799
1456703948088940,-0.628733,-0.0563908,-0.442607
1456703948097936,-0.629111,-0.0556853,-0.441794
1456703948120936,-0.62772,-0.0570007,-0.440778
1456703948141893,-0.627676,-0.0623706,-0.441971
1456703948158887,-0.623757,-0.0716183,-0.442595
1456703948180871,-0.617654,-0.0821771,-0.442365
1456703948201903,-0.614584,-0.0885011,-0.441511
1456703948225886,-0.615191,-0.0899099,-0.441346
1456703948240853,-0.61821,-0.0887248,-0.441526
1456703948261915,-0.621612,-0.0876979,-0.441559
1456703948278913,-0.621642,-0.0894883,-0.442184
1456703948300911,-0.619505,-0.092175,-0.442353
1456703948321911,-0.616036,-0.0941345,-0.441655
1456703948338770,-0.61469,-0.0960537,-0.44051
1456703948360014,-0.616774,-0.0973137,-0.439247
1456703948381016,-0.620603,-0.0983717,-0.43846
1456703948398017,-0.621822,-0.0975275,-0.43705
1456703948420017,-0.623164,-0.0960472,-0.436741
1456703948441859,-0.621517,-0.095723,-0.436933
1456703948457861,-0.620271,-0.0966714,-0.436749
1456703948479862,-0.619245,-0.097826,-0.436247
1456703948502968,-0.617509,-0.0985137,-0.435992
1456703948517967,-0.617373,-0.0984866,-0.43599
1456703948540659,-0.618399,-0.0986702,-0.435833
1456703948569941,-0.619017,-0.0987725,-0.435669
1456703948578676,-0.618273,-0.0992003,-0.435527
1456703948600677,-0.617148,-0.0994712,-0.43554
1456703948621996,-0.617796,-0.0995695,-0.435011
1456703948638484,-0.618571,-0.0995078,-0.434245
1456703948659994,-0.61884,-0.0994845,-0.433609
1456703948680996,-0.618566,-0.0993912,-0.43309
1456703948697999,-0.618566,-0.0993912,-0.43309
1456703948719997,-0.618919,-0.0995878,-0.433036
1456703948744025,-0.619252,-0.0999715,-0.432808
1456703948758069,-0.619252,-0.0999715,-0.432808
1456703948780033,-0.618445,-0.0999951,-0.432647
1456703948803034,-0.618445,-0.0999951,-0.432647
1456703948818035,-0.618309,-0.0999682,-0.432645
1456703948841936,-0.618309,-0.0999682,-0.432645
1456703948863208,-0.61802,-0.100177,-0.432718
1456703948878207,-0.617287,-0.09986,-0.432665
1456703948900208,-0.617151,-0.0998331,-0.432663
1456703948923210,-0.617349,-0.100228,-0.432559
1456703948939298,-0.617325,-0.100341,-0.432523
1456703948960094,-0.616871,-0.100563,-0.432696
1456703948983094,-0.616871,-0.100563,-0.432696
1456703948999096,-0.61679,-0.10042,-0.432754
1456703949020096,-0.617347,-0.10019,-0.432433
1456703949058317,-0.617347,-0.10019,-0.432433
1456703949061348,-0.617947,-0.0992488,-0.432351
1456703949080312,-0.616849,-0.0981795,-0.433044
1456703949103313,-0.616366,-0.0971309,-0.431767
1456703949119314,-0.61583,-0.0945968,-0.43084
1456703949140326,-0.615858,-0.0910495,-0.42956
1456703949163335,-0.61755,-0.08719,-0.429339
1456703949184624,-0.618451,-0.083508,-0.429849
1456703949201337,-0.617935,-0.080233,-0.429798
1456703949222704,-0.618555,-0.07776,-0.42901
1456703949244354,-0.620328,-0.0758985,-0.427275
1456703949259397,-0.624688,-0.0743484,-0.425547
1456703949282684,-0.628045,-0.069503,-0.42561
1456703949304615,-0.632642,-0.0635792,-0.427549
1456703949319613,-0.630673,-0.0587703,-0.429398
1456703949342409,-0.631741,-0.0571822,-0.431012
1456703949364438,-0.631511,-0.0596604,-0.431529
1456703949381421,-0.626822,-0.0656735,-0.431527
1456703949402456,-0.621411,-0.072713,-0.431615
1456703949424421,-0.618494,-0.076698,-0.431859
1456703949439429,-0.619842,-0.0784242,-0.432528
1456703949462439,-0.622734,-0.0805176,-0.433287
1456703949484441,-0.623322,-0.0829381,-0.434263
1456703949499447,-0.621444,-0.0862505,-0.43487
1456703949522725,-0.618943,-0.0893804,-0.434618
1456703949544652,-0.6182,-0.0916322,-0.434033
1456703949559666,-0.619203,-0.0937142,-0.43328
1456703949582746,-0.619419,-0.0964913,-0.432822
1456703949604678,-0.618066,-0.0986089,-0.433058
1456703949619683,-0.614482,-0.0993664,-0.432754
1456703949642480,-0.613656,-0.0995783,-0.43242
1456703949665685,-0.617452,-0.100179,-0.431508
1456703949678875,-0.621456,-0.101208,-0.430617
1456703949702956,-0.623007,-0.102025,-0.431178
1456703949724892,-0.623776,-0.101477,-0.430581
1456703949739692,-0.623702,-0.100548,-0.430216
1456703949762705,-0.622042,-0.100939,-0.430585
1456703949784707,-0.622105,-0.102538,-0.430609
1456703949799922,-0.621682,-0.103988,-0.430549
1456703949822949,-0.62147,-0.104226,-0.430187
1456703949844720,-0.621745,-0.104278,-0.429802
1456703949860941,-0.622331,-0.103968,-0.429254
1456703949883910,-0.622355,-0.103854,-0.42929
1456703949904905,-0.622438,-0.104035,-0.429357
1456703949920902,-0.62331,-0.104378,-0.429411
1456703949942987,-0.623502,-0.104623,-0.429192
1456703949964266,-0.623502,-0.104623,-0.429192
1456703949981266,-0.623502,-0.104623,-0.429192
1456703950002603,-0.623537,-0.10503,-0.429187
1456703950032338,-0.623537,-0.10503,-0.429187
1456703950041300,-0.623568,-0.105028,-0.429211
1456703950062273,-0.623432,-0.105001,-0.429209
1456703950084191,-0.623432,-0.105001,-0.429209
1456703950100972,-0.623432,-0.105001,-0.429209
1456703950122184,-0.623568,-0.105028,-0.429211
1456703950144488,-0.622964,-0.104665,-0.429299
1456703950168990,-0.622828,-0.104638,-0.429297
1456703950181990,-0.623078,-0.104843,-0.42939
1456703950204205,-0.623078,-0.104843,-0.42939
1456703950219992,-0.62248,-0.104554,-0.42934
1456703950242503,-0.62248,-0.104554,-0.42934
1456703950282008,-0.621966,-0.104443,-0.428968
1456703950287239,-0.621966,-0.104443,-0.428968
1456703950309223,-0.620756,-0.104499,-0.428791
1456703950324224,-0.619803,-0.104014,-0.428796
1456703950347023,-0.620083,-0.103321,-0.428888
1456703950362024,-0.620225,-0.102603,-0.429368
1456703950385026,-0.619257,-0.101523,-0.429551
1456703950407330,-0.618704,-0.0997028,-0.429966
1456703950423028,-0.618388,-0.0974926,-0.430653
1456703950444539,-0.618961,-0.0953634,-0.43132
1456703950467851,-0.619591,-0.093081,-0.431924
1456703950482837,-0.618524,-0.0905948,-0.432659
1456703950504854,-0.617982,-0.0887749,-0.433074
1456703950527833,-0.617895,-0.0867331,-0.433319
1456703950542852,-0.618361,-0.0843868,-0.432999
1456703950564575,-0.619762,-0.0814845,-0.432771
1456703950587861,-0.621275,-0.0786147,-0.432917
1456703950602865,-0.623998,-0.0756168,-0.433015
1456703950624897,-0.628263,-0.0734274,-0.432537
1456703950647595,-0.632443,-0.0723584,-0.431985
1456703950662596,-0.632185,-0.0683866,-0.431266
1456703950684897,-0.631392,-0.0646618,-0.43202
1456703950707863,-0.628983,-0.0619862,-0.432801
1456703950722861,-0.631682,-0.0623072,-0.433063
1456703950744609,-0.631053,-0.0658919,-0.433199
1456703950767618,-0.626291,-0.0722423,-0.433109
1456703950784619,-0.620203,-0.0786978,-0.433116
1456703950804620,-0.617214,-0.0829867,-0.433531
1456703950834604,-0.620934,-0.0853854,-0.43342
1456703950844889,-0.625962,-0.0871229,-0.432751
1456703950863897,-0.627711,-0.0887734,-0.432143
1456703950887899,-0.627502,-0.0917716,-0.432253
1456703950903898,-0.625472,-0.095244,-0.432299
1456703950924900,-0.622661,-0.0973219,-0.432237
1456703950946913,-0.624041,-0.0989258,-0.431379
1456703950963923,-0.627661,-0.10054,-0.430167
1456703950985925,-0.629092,-0.101842,-0.429516
1456703951007924,-0.627673,-0.102245,-0.42896
1456703951023925,-0.6259,-0.102495,-0.428973
1456703951044437,-0.625601,-0.103374,-0.428704
1456703951066947,-0.627082,-0.104448,-0.428125
1456703951083946,-0.628325,-0.105504,-0.427692
1456703951104948,-0.6278,-0.106065,-0.427366
1456703951127949,-0.626873,-0.106695,-0.427149
1456703951144491,-0.626623,-0.10731,-0.426827
1456703951163974,-0.626976,-0.107429,-0.426521
1456703951186970,-0.626976,-0.107429,-0.426521
1456703951203971,-0.626999,-0.107315,-0.426557
1456703951223977,-0.626999,-0.107315,-0.426557
1456703951246988,-0.627763,-0.107514,-0.426256
1456703951269003,-0.627763,-0.107514,-0.426256
1456703951284194,-0.627787,-0.1074,-0.426292
1456703951307192,-0.627787,-0.1074,-0.426292
1456703951324003,-0.628618,-0.107224,-0.426364
1456703951344741,-0.629578,-0.106962,-0.426449
1456703951367029,-0.630028,-0.106665,-0.426415
1456703951384024,-0.630028,-0.106665,-0.426415
1456703951405361,-0.630028,-0.106665,-0.426415
1456703951427329,-0.629899,-0.10675,-0.426401
1456703951443539,-0.629762,-0.106723,-0.426399
1456703951464049,-0.629785,-0.10661,-0.426435
1456703951488048,-0.629785,-0.10661,-0.426435
1456703951509330,-0.629785,-0.10661,-0.426435
1456703951524336,-0.629672,-0.106469,-0.42647
1456703951547065,-0.629276,-0.106613,-0.42644
1456703951569073,-0.629276,-0.106613,-0.42644
1456703951584293,-0.629139,-0.106586,-0.426438
1456703951607306,-0.629228,-0.105978,-0.426083
1456703951629288,-0.629692,-0.105043,-0.425741
1456703951644830,-0.629731,-0.103469,-0.425312
1456703951667106,-0.63027,-0.101408,-0.425049
1456703951698107,-0.630458,-0.0992301,-0.425093
1456703951704388,-0.62944,-0.0963713,-0.425826
1456703951727438,-0.63013,-0.0924074,-0.426443
1456703951743628,-0.629779,-0.0871899,-0.427571
1456703951766138,-0.629659,-0.0808004,-0.428539
1456703951787474,-0.63122,-0.0745026,-0.429003
1456703951809427,-0.63187,-0.0681582,-0.428817
1456703951832853,-0.633666,-0.0626156,-0.428298
1456703951847156,-0.634733,-0.0592443,-0.427327
1456703951869165,-0.636919,-0.0586905,-0.426539
1456703951886399,-0.638069,-0.0558124,-0.424222
1456703951907427,-0.640693,-0.0533869,-0.424982
1456703951930168,-0.638501,-0.0525584,-0.425154
1456703951946180,-0.639231,-0.0561137,-0.425481
1456703951967190,-0.636455,-0.0632532,-0.425565
1456703951989196,-0.629762,-0.0721214,-0.425636
1456703952006191,-0.623704,-0.0804967,-0.42543
1456703952027490,-0.622177,-0.0860211,-0.42536
1456703952050218,-0.624803,-0.0905453,-0.425314
1456703952066212,-0.626883,-0.0953419,-0.425705
1456703952087569,-0.626603,-0.101412,-0.426429
1456703952111226,-0.625785,-0.106219,-0.42689
1456703952126215,-0.624097,-0.108668,-0.427141
1456703952147227,-0.625069,-0.109788,-0.427469
1456703952170237,-0.628111,-0.110479,-0.427049
1456703952186467,-0.630317,-0.111235,-0.426571
1456703952207449,-0.63051,-0.112144,-0.42562
1456703952229238,-0.629574,-0.112212,-0.424933
1456703952254466,-0.62915,-0.112435,-0.425132
1456703952267474,-0.630459,-0.113079,-0.425329
1456703952290734,-0.631557,-0.113629,-0.425447
1456703952306739,-0.63182,-0.114278,-0.425245
1456703952327740,-0.630918,-0.114757,-0.424941
1456703952349490,-0.630267,-0.115404,-0.424605
1456703952366493,-0.630189,-0.116417,-0.424542
1456703952387833,-0.630327,-0.116444,-0.424543
1456703952410760,-0.630189,-0.116417,-0.424542
1456703952426494,-0.63079,-0.116667,-0.424463
1456703952447507,-0.630727,-0.117082,-0.424217
1456703952470516,-0.629781,-0.11708,-0.424059
1456703952486516,-0.629644,-0.117054,-0.424058
1456703952507834,-0.630026,-0.117174,-0.424162
1456703952531519,-0.630003,-0.117287,-0.424126
1456703952545528,-0.629629,-0.11728,-0.424009
1456703952567538,-0.629087,-0.117246,-0.423867
1456703952590868,-0.62895,-0.11722,-0.423866
1456703952606540,-0.629087,-0.117246,-0.423867
1456703952627832,-0.628797,-0.11738,-0.423691
1456703952649560,-0.627965,-0.11752,-0.423499
1456703952666561,-0.626914,-0.117491,-0.423366
1456703952689562,-0.626777,-0.117465,-0.423364
1456703952710820,-0.626967,-0.1173,-0.423175
1456703952726564,-0.626864,-0.116445,-0.422648
1456703952749581,-0.626154,-0.115267,-0.422338
1456703952770582,-0.625925,-0.113828,-0.422139
1456703952786583,-0.625741,-0.111339,-0.421852
1456703952809585,-0.624316,-0.107911,-0.422377
1456703952830587,-0.623716,-0.102921,-0.422339
1456703952846595,-0.622714,-0.0967002,-0.422807
1456703952868827,-0.622044,-0.0890017,-0.423365
1456703952890604,-0.623789,-0.0803987,-0.423094
1456703952912604,-0.624929,-0.071517,-0.423162
1456703952936588,-0.627057,-0.0623768,-0.423365
1456703952950839,-0.63053,-0.0545893,-0.424021
1456703952973841,-0.633971,-0.0487649,-0.423561
1456703952987841,-0.636693,-0.0450856,-0.423299
1456703953010843,-0.63792,-0.0440526,-0.425271
1456703953032851,-0.637815,-0.0426056,-0.424951
1456703953048862,-0.634452,-0.0411734,-0.425636
1456703953069868,-0.634301,-0.043042,-0.425409
1456703953092862,-0.634841,-0.0488802,-0.426058
1456703953108863,-0.630821,-0.0581304,-0.42658
1456703953129867,-0.62317,-0.0678512,-0.426756
1456703953151890,-0.618318,-0.0752711,-0.426353
1456703953168884,-0.620421,-0.0798718,-0.426567
1456703953190885,-0.627379,-0.0838218,-0.4258
1456703953219889,-0.631615,-0.0881346,-0.424807
1456703953228889,-0.632377,-0.0920571,-0.424225
1456703953249948,-0.629342,-0.0934936,-0.424371
1456703953271906,-0.626255,-0.0938591,-0.425239
1456703953288907,-0.628053,-0.0947244,-0.425396
1456703953310168,-0.632762,-0.09554,-0.424982
1456703953332129,-0.636028,-0.095601,-0.423722
1456703953349145,-0.635733,-0.0956955,-0.423417
1456703953370147,-0.632819,-0.095744,-0.423596
1456703953392409,-0.633212,-0.0963847,-0.423659
1456703953409147,-0.635354,-0.0976689,-0.423708
1456703953430150,-0.6364,-0.0984052,-0.423633
1456703953452585,-0.636263,-0.0983789,-0.423631
1456703953468733,-0.636756,-0.0986,-0.423578
1456703953489729,-0.638007,-0.0989062,-0.423241
1456703953512607,-0.637892,-0.0987278,-0.423151
1456703953528729,-0.637244,-0.0987048,-0.423151
1456703953551523,-0.637268,-0.0985915,-0.423188
1456703953572524,-0.637581,-0.0982236,-0.422643
1456703953588525,-0.637483,-0.0974832,-0.422498
1456703953610757,-0.637063,-0.096961,-0.422787
1456703953640535,-0.637605,-0.0969551,-0.42281
1456703953648536,-0.638577,-0.0971308,-0.42222
1456703953671546,-0.639387,-0.0970607,-0.421873
1456703953692755,-0.639387,-0.0970607,-0.421873
1456703953708725,-0.639387,-0.0970607,-0.421873
1456703953731714,-0.639387,-0.0970607,-0.421873
1456703953752775,-0.639387,-0.0970607,-0.421873
1456703953768776,-0.638897,-0.0968733,-0.421662
1456703953791777,-0.637777,-0.0964781,-0.421625
1456703953812779,-0.637044,-0.0962801,-0.421946
1456703953828779,-0.637044,-0.0962801,-0.421946
1456703953850715,-0.637044,-0.0962801,-0.421946
1456703953872750,-0.636349,-0.0964843,-0.42187
1456703953888721,-0.635781,-0.0965653,-0.421685
1456703953918720,-0.635644,-0.0965391,-0.421683
1456703953931722,-0.635644,-0.0965391,-0.421683
1456703953948231,-0.635675,-0.0965366,-0.421707
1456703953970740,-0.635033,-0.095769,-0.421802
1456703953991748,-0.634743,-0.0951187,-0.421593
1456703954007743,-0.63493,-0.094091,-0.421129
1456703954030757,-0.634838,-0.0926059,-0.421081
1456703954053762,-0.63554,-0.0904578,-0.420872
1456703954067816,-0.636931,-0.0879895,-0.420372
1456703954090765,-0.638671,-0.0852327,-0.419996
1456703954112771,-0.637202,-0.08137,-0.420399
1456703954128765,-0.633195,-0.0770432,-0.420737
1456703954151070,-0.630873,-0.071644,-0.420687
1456703954172075,-0.631463,-0.0634731,-0.420165
1456703954195335,-0.634603,-0.0556576,-0.419767
1456703954211072,-0.636854,-0.0498166,-0.419656
1456703954232134,-0.638393,-0.04399,-0.418849
1456703954255130,-0.638411,-0.0381393,-0.418278
1456703954271094,-0.640523,-0.0334616,-0.417806
1456703954292319,-0.642861,-0.0301716,-0.417035
1456703954315289,-0.644358,-0.0298549,-0.416697
1456703954331347,-0.642653,-0.0272019,-0.414185
1456703954360455,-0.643214,-0.0251029,-0.413867
1456703954375161,-0.641048,-0.0249607,-0.414454
1456703954391140,-0.641984,-0.0275666,-0.414961
1456703954412422,-0.641953,-0.0343432,-0.415629
1456703954435476,-0.637709,-0.042847,-0.415908
1456703954450987,-0.632443,-0.0505775,-0.415788
1456703954473987,-0.631216,-0.0554099,-0.416154
1456703954495251,-0.635151,-0.0586865,-0.415917
1456703954510989,-0.639695,-0.0627256,-0.415171
1456703954531996,-0.640701,-0.0674269,-0.414082
1456703954555041,-0.638795,-0.0724263,-0.413855
1456703954571037,-0.634784,-0.0760136,-0.414269
1456703954594004,-0.632645,-0.0776144,-0.41462
1456703954615005,-0.634703,-0.077924,-0.414592
1456703954631200,-0.637727,-0.0784012,-0.413597
1456703954654226,-0.63928,-0.0803026,-0.412359
1456703954675509,-0.638836,-0.0838326,-0.411476
1456703954691504,-0.637078,-0.0866277,-0.411175
1456703954714231,-0.635375,-0.0865424,-0.410508
1456703954735786,-0.63747,-0.0852841,-0.410832
1456703954751542,-0.640777,-0.0846679,-0.411129
1456703954774542,-0.642641,-0.0846167,-0.410941
1456703954795791,-0.641644,-0.0848482,-0.410692
1456703954811544,-0.639354,-0.0850806,-0.410556
1456703954834303,-0.637962,-0.0854632,-0.410658
1456703954855546,-0.638294,-0.0857689,-0.410567
1456703954871215,-0.639499,-0.0863324,-0.410287
1456703954894181,-0.639359,-0.0870517,-0.410184
1456703954915487,-0.637744,-0.087229,-0.410219
1456703954931184,-0.637744,-0.087229,-0.410219
1456703954954222,-0.63891,-0.0873465,-0.409823
1456703954975223,-0.639846,-0.0871475,-0.409374
1456703954991485,-0.638998,-0.0867767,-0.409602
1456703955014227,-0.638067,-0.0862641,-0.409888
1456703955035748,-0.638738,-0.0861694,-0.40993
1456703955051029,-0.639658,-0.0862,-0.409816
1456703955074030,-0.639658,-0.0862,-0.409816
1456703955095292,-0.638622,-0.085992,-0.409841
1456703955111030,-0.638516,-0.0859638,-0.409861
1456703955134678,-0.639008,-0.0861426,-0.409687
1456703955155559,-0.639032,-0.0860291,-0.409725
1456703955171503,-0.638403,-0.0858197,-0.409509
1456703955194534,-0.637064,-0.0852648,-0.409524
1456703955215308,-0.636392,-0.084538,-0.409332
1456703955231507,-0.636648,-0.0839908,-0.409136
1456703955253713,-0.63616,-0.0830624,-0.409022
1456703955275713,-0.635832,-0.0820073,-0.408824
1456703955291714,-0.636036,-0.0808272,-0.40828
1456703955314717,-0.635916,-0.0794569,-0.408199
1456703955335736,-0.634526,-0.0770821,-0.408256
1456703955351245,-0.633345,-0.0743538,-0.408304
1456703955373284,-0.632281,-0.0717685,-0.408703
1456703955395614,-0.631363,-0.0684596,-0.408817
1456703955411248,-0.631202,-0.0639712,-0.409193
1456703955433250,-0.63167,-0.0583843,-0.409433
1456703955455772,-0.632476,-0.0531038,-0.409595
1456703955470739,-0.632736,-0.0490234,-0.409333
1456703955492558,-0.633012,-0.0456438,-0.40887
1456703955515703,-0.632914,-0.0426696,-0.408245
1456703955537547,-0.632128,-0.0399092,-0.407911
1456703955552791,-0.632785,-0.0378776,-0.40768
1456703955575790,-0.635218,-0.0383737,-0.410802
1456703955597792,-0.640783,-0.0353899,-0.410085
1456703955612792,-0.642704,-0.0340564,-0.409168
1456703955637607,-0.641636,-0.0351325,-0.40797
1456703955656912,-0.64071,-0.03833,-0.407531
1456703955672907,-0.63696,-0.0433547,-0.40807
1456703955695909,-0.633651,-0.0495697,-0.408798
1456703955717125,-0.632693,-0.056426,-0.40879
1456703955732912,-0.634159,-0.0621677,-0.407791
1456703955756733,-0.636557,-0.0650328,-0.406544
1456703955777734,-0.637477,-0.0663592,-0.406025
1456703955792735,-0.637492,-0.0669513,-0.405837
1456703955815737,-0.637745,-0.0683129,-0.406181
1456703955837700,-0.639381,-0.0716036,-0.406763
1456703955860042,-0.638817,-0.0744971,-0.407502
1456703955876036,-0.638283,-0.0765933,-0.407471
1456703955897039,-0.639604,-0.0793079,-0.407296
1456703955913040,-0.639013,-0.0822217,-0.406595
1456703955936656,-0.637914,-0.0851103,-0.406158
1456703955957345,-0.635974,-0.0877073,-0.406202
1456703955973345,-0.635229,-0.0896435,-0.406626
1456703955996347,-0.637366,-0.0914661,-0.406345
1456703956017355,-0.640096,-0.0930458,-0.405773
1456703956033349,-0.640377,-0.0942562,-0.406033
1456703956056173,-0.639304,-0.0944266,-0.406096
1456703956077475,-0.639842,-0.0943387,-0.405871
1456703956093176,-0.641233,-0.0946588,-0.40554
1456703956116176,-0.641233,-0.0946588,-0.40554
1456703956139469,-0.639368,-0.0947147,-0.405738
1456703956153477,-0.639231,-0.0946895,-0.405735
1456703956176648,-0.640556,-0.0946828,-0.405639
1456703956196479,-0.642845,-0.0951058,-0.405028
1456703956212606,-0.641316,-0.0955061,-0.405257
1456703956236223,-0.638686,-0.096074,-0.405143
1456703956256741,-0.63833,-0.0966279,-0.405099
1456703956272734,-0.640036,-0.0966987,-0.404984
1456703956296737,-0.641789,-0.0965424,-0.404944
1456703956317736,-0.641896,-0.0965699,-0.404923
1456703956332738,-0.641452,-0.0961985,-0.404912
1456703956355674,-0.641452,-0.0961985,-0.404912
1456703956377544,-0.642462,-0.0964011,-0.404472
1456703956392713,-0.642774,-0.0961133,-0.404566
1456703956416545,-0.642598,-0.0957651,-0.405209
1456703956437629,-0.642956,-0.0960015,-0.405666
1456703956452847,-0.643291,-0.0970575,-0.405861
1456703956475850,-0.643191,-0.0981062,-0.405501
1456703956498850,-0.643191,-0.0981062,-0.405501
1456703956512851,-0.643867,-0.0980431,-0.405277
1456703956536361,-0.645013,-0.098277,-0.405226
1456703956558870,-0.645773,-0.099106,-0.40523
1456703956579870,-0.645822,-0.0996242,-0.405205
1456703956595871,-0.645954,-0.100198,-0.404485
1456703956618872,-0.647936,-0.101409,-0.402543
1456703956632873,-0.650641,-0.103004,-0.400875
1456703956656185,-0.653401,-0.105201,-0.399813
1456703956679186,-0.654714,-0.106643,-0.399359
1456703956693187,-0.653448,-0.106987,-0.399611
1456703956716188,-0.652659,-0.106946,-0.39961
1456703956739483,-0.652665,-0.106978,-0.399347
1456703956760326,-0.651629,-0.106807,-0.399118
1456703956775992,-0.651767,-0.106832,-0.39912
1456703956798997,-0.651715,-0.106313,-0.399146
1456703956820358,-0.651986,-0.105658,-0.399375
1456703956836662,-0.652928,-0.104865,-0.399519
1456703956859014,-0.653376,-0.104562,-0.399491
1456703956880014,-0.653935,-0.104366,-0.39969
1456703956896015,-0.654724,-0.104406,-0.399692
1456703956919016,-0.654679,-0.104761,-0.400374
1456703956940536,-0.654227,-0.105111,-0.400913
1456703956956046,-0.654924,-0.105653,-0.401273
1456703956979048,-0.655258,-0.105966,-0.401566
1456703957000316,-0.655709,-0.106416,-0.401822
1456703957016276,-0.656093,-0.106494,-0.401804
1456703957039533,-0.656093,-0.106494,-0.401804
1456703957060581,-0.655977,-0.106355,-0.40184
1456703957076527,-0.655977,-0.106355,-0.40184
1456703957106284,-0.655977,-0.106355,-0.40184
1456703957120621,-0.655954,-0.106469,-0.401802
1456703957136286,-0.655954,-0.106469,-0.401802
1456703957159309,-0.655847,-0.106442,-0.401823
1456703957180325,-0.656068,-0.106527,-0.401517
1456703957196313,-0.656226,-0.106359,-0.401309
1456703957219312,-0.656257,-0.106358,-0.401332
1456703957240699,-0.656119,-0.106332,-0.401331
1456703957256137,-0.656414,-0.10615,-0.401
1456703957278137,-0.656729,-0.105813,-0.400584
1456703957300180,-0.656776,-0.105499,-0.400026
1456703957316174,-0.656505,-0.104767,-0.399601
1456703957338356,-0.656458,-0.10424,-0.399241
1456703957360395,-0.656891,-0.104082,-0.398913
1456703957376580,-0.657122,-0.103605,-0.398558
