timestamp,emg1,emg2,emg3,emg4,emg5,emg6,emg7,emg8
1456704184804851,-1,6,15,4,-2,-2,-3,0
1456704184804851,1,1,10,-1,-3,-2,-3,-1
1456704184805566,-4,-1,-10,-3,-2,-2,-1,0
1456704184805566,3,2,-6,-3,-1,-1,-2,3
1456704184806567,-2,-6,9,2,0,-1,3,1
1456704184806567,-2,1,11,2,0,-1,-1,-5
1456704184807567,-5,10,11,4,0,-2,-5,2
1456704184807567,7,-11,-35,-5,-3,-2,-1,-5
1456704184818887,-2,5,3,-7,-5,-1,-3,-1
1456704184818887,-3,-8,-6,-2,-2,1,-4,-2
1456704184826568,7,0,7,6,0,1,-3,-5
1456704184826568,6,-19,8,-13,-2,-2,-2,-6
1456704184832569,2,14,-20,2,1,-1,2,4
1456704184832569,-3,-8,-2,-2,-2,-2,5,-5
1456704184847571,-6,-9,8,-8,-1,-1,-10,-4
1456704184847571,-6,19,20,14,-3,-3,-1,0
1456704184858256,0,-9,-11,-4,-3,-2,-4,-2
1456704184858256,0,1,8,-2,0,0,1,-3
1456704184862594,-4,-5,-9,3,1,-1,-2,0
1456704184862594,-8,-6,12,-2,-3,-1,-2,-1
1456704184878611,0,7,-35,-8,1,1,2,0
1456704184878611,-3,7,-13,0,-6,-4,-7,-1
1456704184886606,2,-26,-1,-7,-7,-4,4,-3
1456704184886606,-5,2,5,1,2,0,-4,-2
1456704184916606,0,5,-8,-6,0,1,-2,2
1456704184916606,4,4,-1,1,-2,-2,-2,0
1456704184923612,-1,4,-4,-3,-1,-1,-2,-6
1456704184923612,-3,-5,7,3,0,0,-2,-2
1456704184924606,-6,0,-9,-2,-2,-2,-1,2
1456704184924606,12,-3,-2,0,0,1,-2,-4
1456704184925608,-3,-9,-10,-2,-4,-3,5,-1
1456704184925608,2,5,12,-1,0,1,-15,0
1456704184938613,-1,9,3,3,1,0,3,-5
1456704184938613,-7,-10,-30,-14,-8,-4,-2,-2
1456704184945609,0,13,1,4,1,1,0,0
1456704184945609,5,-9,-28,1,0,-2,-2,-4
1456704184952608,1,-2,-15,-11,-4,-5,-2,-4
1456704184952608,-5,-10,-4,-4,-1,-1,-2,0
1456704184967615,1,6,24,3,0,0,-2,1
1456704184967615,-7,10,11,6,-2,-2,2,0
1456704184975620,0,-26,36,6,2,2,1,4
1456704184975620,-4,16,-17,-15,-2,-2,-1,-1
1456704184982620,-4,-3,5,-4,-1,-2,-3,1
1456704184982620,2,-6,-8,-6,-2,0,8,1
1456704184998626,5,16,10,7,-3,-4,-1,-2
1456704184998626,-1,-5,30,9,0,0,-1,0
1456704185005623,-9,-10,-22,-6,0,0,-2,4
1456704185005623,-1,8,8,2,-1,0,0,0
1456704185012623,-1,-15,-9,0,-3,-2,-3,-3
1456704185012623,-1,4,3,-8,-8,-5,-3,-1
1456704185027751,-3,4,9,0,2,0,-1,-4
1456704185027751,5,-24,-18,-7,-2,0,5,-2
1456704185035623,-9,-6,-16,-3,-1,-1,-3,-4
1456704185035623,-1,1,12,8,3,1,0,-1
1456704185042624,1,6,-22,-5,-5,-3,-1,3
1456704185042624,-2,4,11,2,1,-3,-4,2
1456704185058631,-3,-5,18,-4,0,0,0,-6
1456704185058631,-12,-6,-14,4,2,0,0,-1
1456704185065632,8,-5,-4,0,-2,-1,-4,-3
1456704185065632,3,-3,2,-6,-2,-2,-2,2
1456704185072636,-3,14,-20,-3,-3,-1,-1,0
1456704185072636,3,2,22,5,3,0,3,-1
1456704185087637,-7,-18,-12,-7,-4,-1,1,-6
1456704185087637,13,14,1,4,0,-1,-3,2
1456704185095638,-7,-4,1,1,0,-1,-2,1
1456704185095638,-5,-17,-29,-19,-5,-4,-2,-10
1456704185102639,-1,1,7,0,-2,1,-1,-2
1456704185102639,-5,4,-8,-1,-1,-1,1,-5
1456704185118639,3,10,0,4,3,-1,-4,1
1456704185118639,1,-19,14,12,8,3,1,5
1456704185125640,-9,1,-20,-1,-4,-5,-3,-8
1456704185125640,8,0,3,-5,-4,-3,-1,3
1456704185140641,5,-2,-6,2,0,0,0,-1
1456704185140641,1,1,23,3,0,0,-1,2
1456704185147641,5,2,-18,-3,-1,-1,0,0
1456704185147641,-13,-20,-10,-10,-5,-4,-4,-2
1456704185155647,-4,1,3,4,2,-2,1,-2
1456704185155647,6,5,-9,-2,-2,-1,0,1
1456704185163148,-3,-7,13,0,-2,-2,-4,-7
1456704185163148,-7,10,-6,-2,1,1,1,2
1456704185178653,0,5,-1,-3,-1,-2,-2,-1
1456704185178653,0,-4,1,14,-1,-2,-2,-1
1456704185185653,-1,1,-22,-30,-2,-2,-1,-3
1456704185185653,-2,-10,26,7,1,0,-1,-3
1456704185192753,-4,-15,-19,-13,-5,-1,-1,-3
1456704185192753,-5,13,-1,3,-3,-1,-4,-1
1456704185207655,-5,1,24,10,1,-1,-5,3
1456704185207655,-7,4,-25,-7,0,0,3,-7
1456704185215740,5,4,4,0,-3,-1,-1,10
1456704185215740,-1,-2,-2,2,2,0,-3,4
1456704185230661,9,5,-6,-8,-2,1,-3,3
1456704185230661,-3,-7,-6,-4,-2,-3,-1,-2
1456704185238851,-2,10,16,10,3,-1,0,-4
1456704185238851,-3,-3,-11,-11,-5,0,-1,-1
1456704185245656,-3,3,18,9,1,0,2,2
1456704185245656,-2,2,-5,2,3,0,-8,-5
1456704185252851,12,-7,-8,-9,-4,-1,2,3
1456704185252851,-13,-10,21,-3,0,-1,0,-3
1456704185268108,0,-4,-4,7,2,-1,0,-3
1456704185268108,-2,-2,17,0,-2,-2,0,5
1456704185275610,3,3,-12,-4,-1,-1,-3,0
1456704185275610,-3,5,1,-10,-1,-1,1,-2
1456704185290610,-2,-2,-3,5,1,-1,-1,0
1456704185290610,-3,13,7,2,-1,-1,3,-6
1456704185298609,-7,-11,-22,0,-2,-1,-2,7
1456704185298609,-1,2,-10,-1,-3,-3,-1,0
1456704185305612,-3,-6,4,-1,-2,-1,-2,-8
1456704185305612,-5,8,5,-2,0,0,-4,-7
1456704185312365,-8,-29,-3,0,0,1,1,2
1456704185312365,3,0,-22,-8,-4,-3,-4,-7
1456704185327563,5,0,2,-2,-4,-2,-5,-8
1456704185327563,6,3,18,-2,-3,-1,0,9
1456704185335617,-15,3,5,1,1,0,11,-6
1456704185335617,0,7,9,2,-1,-2,-3,5
1456704185358874,1,-4,3,-1,1,0,-1,2
1456704185358874,1,-3,-9,3,0,-1,-1,-6
1456704185360120,-1,-6,3,-1,-6,-4,-7,-8
1456704185360120,7,3,-2,-4,1,-1,-1,0
1456704185366119,-7,8,0,0,-1,-1,0,-2
1456704185366119,-5,-20,-25,-3,-3,0,-1,6
1456704185372788,-1,11,7,-1,-1,1,-2,-1
1456704185372788,-8,-25,-15,-1,-3,-2,3,-3
1456704185387788,9,-1,3,0,-3,-1,0,5
1456704185387788,-1,0,35,5,-2,-3,-1,-3
1456704185395585,0,13,-1,-11,-2,-1,-7,-7
1456704185395585,1,8,-16,0,0,1,0,0
1456704185410788,9,15,18,2,2,-1,-2,1
1456704185410788,-9,-14,-9,-4,-4,-3,-4,-3
1456704185418786,1,-3,18,3,-2,-1,-5,-14
1456704185418786,1,5,9,-2,1,-1,-1,4
1456704185425785,-5,-11,-5,4,-1,-3,-1,2
1456704185425785,-1,-2,-9,-4,-2,-2,-3,-3
1456704185432580,-1,5,-6,-2,0,-1,-1,-12
1456704185432580,2,-7,-1,-3,-4,-2,-2,-5
1456704185447580,5,7,10,3,3,2,2,12
1456704185447580,-3,-4,-13,-3,-4,-1,-1,-4
1456704185456094,-10,-22,-10,1,-1,-3,0,5
1456704185456094,-5,2,-23,-5,-2,-4,-3,-7
1456704185470604,-5,-1,-9,-4,-2,-2,-1,-2
1456704185470604,0,2,-9,-4,-1,2,0,2
1456704185486605,3,7,4,2,1,0,-1,-2
1456704185486605,0,2,7,2,-1,0,-1,-6
1456704185488605,-7,-7,-10,-2,-3,-3,-1,0
1456704185488605,-3,-2,6,-4,0,0,0,-5
1456704185492605,2,-9,21,0,1,-2,0,7
1456704185492605,-4,11,3,4,1,0,0,-3
1456704185507610,-7,-25,-47,-14,-4,-2,0,0
1456704185507610,2,9,3,-1,-1,0,-1,0
1456704185515816,0,1,5,0,0,-1,-2,1
1456704185515816,0,1,11,5,1,0,-2,2
1456704185530884,-4,-1,21,2,0,0,-2,-3
1456704185530884,7,7,7,1,-2,-2,0,-3
1456704185538649,-2,7,-22,-5,-2,-2,-2,2
1456704185538649,9,-3,5,-3,0,0,0,-3
1456704185545608,2,-5,3,0,-3,-2,1,-6
1456704185545608,-3,-8,-4,-3,-1,-2,-1,3
1456704185561057,-1,0,2,1,1,0,1,-4
1456704185561057,-1,1,-3,-5,-7,-5,-3,1
1456704185567817,-9,-9,0,-2,0,-1,-2,0
1456704185567817,0,-2,-7,-5,0,-1,-3,-10
1456704185576071,1,7,-1,1,0,0,-2,5
1456704185576071,-4,-2,-7,-1,0,-2,-1,-1
1456704185591159,-1,-3,2,2,0,0,0,-3
1456704185591159,1,10,-3,4,1,-1,2,-1
1456704185599123,-2,-16,-28,-10,-5,-3,-2,-5
1456704185599123,-2,9,20,2,-1,0,-1,1
1456704185606161,-2,-6,-13,-7,-4,0,-7,-21
1456704185606161,-2,-2,16,5,0,0,3,5
1456704185620867,0,-2,-2,-5,-2,-2,0,-3
1456704185620867,5,5,7,-2,-3,-2,-1,-3
1456704185627868,-6,14,-12,0,-1,-2,-2,-1
1456704185627868,10,2,4,2,-1,0,-3,-7
1456704185635868,-3,0,-5,-2,-2,-1,-1,8
1456704185635868,-7,-31,-3,-2,0,-2,0,-3
1456704185650863,-1,-3,6,-3,-3,-2,0,-2
1456704185650863,-5,-1,-10,-4,-5,-2,-4,-1
1456704185658885,5,13,7,-1,-1,-2,-3,1
1456704185658885,1,-1,-5,5,5,1,-1,2
1456704185665849,-6,2,11,0,-5,-3,0,5
1456704185665849,-4,-4,-14,-4,0,-2,-2,2
1456704185681882,4,-5,2,1,-3,-2,-1,-1
1456704185681882,-3,6,-4,-3,0,-1,0,-1
1456704185689868,6,4,0,-1,1,0,0,-5
1456704185689868,-7,11,5,2,-1,1,2,7
1456704185695864,-3,-26,-17,-2,-2,-2,-3,-6
1456704185695864,-6,5,-18,-4,0,-3,-4,-2
1456704185710900,3,-11,1,-3,0,-3,2,7
1456704185710900,0,-11,-19,-6,-5,-3,-5,1
1456704185718865,-3,24,19,3,0,-1,1,-6
1456704185718865,2,-11,-3,0,-4,-1,-2,-4
1456704185725866,4,6,-4,0,0,1,-1,11
1456704185725866,-7,2,0,1,0,-2,-4,-4
1456704185740901,-6,-19,-9,-2,0,-3,3,3
1456704185740901,3,3,-21,-5,0,1,-15,-9
1456704185747867,2,0,10,2,-1,-2,7,0
1456704185747867,-3,-13,14,3,-1,-1,-1,1
1456704185762875,2,12,-5,-5,-4,-1,-2,-9
1456704185762875,-1,4,4,-5,-4,-4,0,3
1456704185771880,-4,-12,-12,2,0,-1,-3,-11
1456704185771880,-1,9,0,-6,-3,-3,0,7
1456704185778881,-1,-22,13,3,2,0,-3,-5
1456704185778881,-5,3,-5,-1,-4,-2,1,2
1456704185785881,-2,8,-8,-8,-3,-2,-1,8
1456704185785881,-7,-8,-7,-3,1,-4,-1,-13
1456704185800882,0,8,3,-3,-2,-2,-2,11
1456704185800882,-3,0,6,2,1,1,2,1
1456704185807882,-7,2,12,1,0,-2,-2,-1
1456704185807882,7,-12,-15,1,-3,-1,-3,-7
1456704185815883,-2,2,-11,-2,-2,-2,-1,0
1456704185815883,-5,-2,14,-1,1,-1,-1,4
1456704185830919,-5,0,-4,-4,-5,-4,-5,-6
1456704185830919,2,10,2,4,3,1,3,15
1456704185838924,2,11,-17,-5,-1,-1,-2,-1
1456704185838924,-4,-8,5,-1,-2,-1,3,4
1456704185845884,-5,-7,-18,-2,0,-1,-3,-5
1456704185845884,0,-19,14,4,1,-1,0,1
1456704185861137,-2,9,13,-2,-1,-1,-2,-12
1456704185861137,-1,-7,4,-2,-4,-4,-2,0
1456704185868178,-1,6,-18,-1,-1,0,1,1
1456704185868178,-4,-3,-2,-4,-3,-3,-3,-8
1456704185875555,0,-2,5,1,0,-2,1,-1
1456704185875555,4,4,4,0,1,0,0,-2
1456704185890557,-9,-6,8,2,-1,-1,-1,-2
1456704185890557,-5,-6,-6,-1,0,-1,1,6
1456704185898553,-5,-4,-7,-1,0,0,4,2
1456704185898553,-1,4,0,-3,-2,-2,-1,-4
1456704185912314,4,1,12,0,-3,-3,-3,-3
1456704185912314,-8,10,10,1,-2,-1,5,-6
1456704185920511,10,-5,-6,-1,-2,-3,-7,-5
1456704185920511,3,-19,-10,-2,-1,1,4,1
1456704185935511,-2,13,-1,3,2,-1,0,-1
1456704185935511,-5,4,11,-3,-3,0,-3,3
1456704185936315,-7,-5,12,2,0,0,-1,-4
1456704185936315,-2,-5,4,-6,-3,-3,-1,-1
1456704185950561,4,2,-12,0,-1,-3,-3,2
1456704185950561,3,-6,-11,-3,0,0,-3,-6
1456704185958728,0,-2,-3,1,-2,0,-1,1
1456704185958728,-4,3,-2,1,0,0,2,1
1456704185973220,-3,-3,4,0,-3,-1,-1,-2
1456704185973220,-5,11,-11,-7,-2,0,-1,-8
1456704185980221,1,-12,-1,-4,-4,0,-1,3
1456704185980221,-6,0,-2,0,1,0,0,0
1456704185995426,1,-5,11,0,0,2,-3,-1
1456704185995426,-6,2,-20,-6,-2,0,2,-4
1456704185997222,10,3,-4,1,1,-2,0,1
1456704185997222,-11,6,20,0,0,-1,-3,-21
1456704186010263,16,-17,-6,-3,1,1,3,18
1456704186010263,-2,20,5,2,0,-1,-3,-11
1456704186018228,-9,-15,-6,-2,-1,-2,-1,-3
1456704186018228,4,4,-2,4,0,-2,-13,6
1456704186032228,-4,-5,0,-9,-9,-2,13,-6
1456704186032228,5,-4,4,1,1,-1,-1,3
1456704186048224,-4,-2,0,-3,-2,-3,-3,-1
1456704186048224,-4,2,-12,2,0,-1,-3,-7
1456704186055731,-2,-3,18,1,-1,-2,-6,-1
1456704186055731,2,-3,-3,0,-2,1,-2,-2
1456704186056732,3,8,1,-2,-1,-2,4,9
1456704186056732,5,-4,-10,-1,0,1,1,3
1456704186070283,-7,-1,-1,-2,-2,-2,-2,-4
1456704186070283,-6,-8,-3,-4,-2,-1,-1,-2
1456704186078288,-3,-6,-2,1,-2,-1,-4,-4
1456704186078288,2,2,-5,-3,-3,-2,1,-1
1456704186092248,5,0,14,4,1,-3,-6,-4
1456704186092248,1,8,-17,-5,-1,-2,0,1
1456704186100249,-4,-7,1,0,-2,-1,-3,-3
1456704186100249,1,-13,-4,-10,-9,-6,1,23
1456704186115251,-6,9,1,3,3,2,-2,-19
1456704186115251,4,-6,3,0,-2,-2,-6,-13
1456704186116250,10,-4,-2,1,1,0,8,12
1456704186116250,5,-8,-4,1,1,-1,1,-3
1456704186130251,-8,0,5,-3,-1,-4,-4,-10
1456704186130251,-2,-2,22,3,0,-2,-1,2
1456704186138291,-5,18,-11,-5,-4,-2,-4,-7
1456704186138291,1,2,5,3,1,4,1,-5
1456704186152252,2,-29,-16,-4,0,1,-10,7
1456704186152252,-15,3,-5,1,-2,1,12,-1
1456704186160757,-8,15,7,-3,-2,-3,-5,-14
1456704186160757,-10,0,-4,-5,-2,-2,4,8
1456704186175263,4,-23,-5,0,-1,0,-2,-3
1456704186175263,6,12,5,-2,0,-1,-4,-1
1456704186176263,-7,-18,-16,-5,-5,-3,-4,-1
1456704186176263,0,11,-3,3,-2,-3,1,-3
1456704186190304,-14,12,18,-1,-1,-1,-1,-9
1456704186190304,21,-18,-34,-10,-2,-4,-5,6
1456704186198270,-3,-6,6,-1,1,-1,5,1
1456704186198270,3,0,-2,3,3,0,-6,-5
1456704186212266,-1,7,2,3,-2,-1,0,3
1456704186212266,-7,-6,-4,-4,-4,-4,-3,2
1456704186220266,1,1,21,6,1,-1,-2,-3
1456704186220266,-5,-8,-25,-11,-7,-3,0,4
1456704186235266,3,18,-4,-5,-1,0,0,10
1456704186235266,6,-1,2,0,0,-1,-1,0
1456704186236267,3,-9,2,-2,-3,-1,-1,-3
1456704186236267,-1,-6,20,1,-1,0,-2,-3
1456704186250267,5,5,-13,-2,-2,-2,1,8
1456704186250267,-8,-7,-9,-2,-1,-1,-5,-7
1456704186258777,-5,6,4,1,2,1,-3,3
1456704186258777,-1,11,11,-1,-3,-3,-2,-12
1456704186272297,-2,-27,-9,-4,-2,-1,1,8
1456704186272297,4,0,2,1,-2,-1,0,2
1456704186280292,0,0,-6,0,-1,1,-4,4
1456704186280292,-8,-9,0,-1,0,0,-2,-13
1456704186295293,6,7,-15,-3,-1,-3,-1,-9
1456704186295293,-10,-12,0,3,1,-1,2,10
1456704186296294,-2,13,-1,-2,-1,-1,-1,1
1456704186296294,-3,-3,-10,-2,-2,-2,-3,-5
1456704186310294,0,-12,3,-2,-2,-3,-2,-3
1456704186310294,0,10,15,9,4,2,-1,-3
1456704186325300,-2,5,-14,-9,-3,-4,-3,-2
1456704186325300,15,-3,25,2,1,1,1,-2
1456704186332300,-6,15,-43,-7,-2,4,5,0
1456704186332300,-12,-41,2,-19,-14,-5,-2,-5
1456704186340296,14,4,-21,-8,-4,0,1,1
1456704186340296,-8,22,-3,6,4,-4,-7,-14
1456704186355821,-7,-17,26,11,4,0,5,20
1456704186355821,-20,9,-4,-14,-5,-4,-7,-15
1456704186356821,-2,-11,-18,-10,-8,0,-1,1
1456704186356821,4,-23,7,-3,-3,-1,1,11
1456704186370378,13,4,-28,-1,-3,-5,-8,-18
1456704186370378,26,5,9,6,5,6,7,22
1456704186378343,-33,-1,14,4,2,-4,-16,-29
1456704186378343,-67,-6,-18,-8,-5,-4,1,5
1456704186392344,35,21,53,14,9,5,28,4
1456704186392344,-9,-16,-11,5,1,0,3,-3
1456704186400339,23,-2,3,-3,-2,-2,6,12
1456704186400339,2,9,2,3,1,0,-15,13
1456704186415345,-18,-8,-5,-7,-5,-2,-11,-8
1456704186415345,7,4,-6,-4,-3,-6,-1,-10
1456704186416340,-7,4,6,3,1,0,4,3
1456704186416340,13,-12,-12,-2,-1,-1,0,-7
1456704186430341,-18,-1,2,-5,-4,-2,-12,-3
1456704186430341,6,5,-7,1,1,1,-4,3
1456704186438346,0,0,3,4,0,0,-3,-1
1456704186438346,12,2,2,0,0,0,1,-7
1456704186452347,1,-2,-8,-4,-5,-3,-5,-33
1456704186452347,-13,6,4,3,1,2,0,30
1456704186461092,-2,-7,3,3,2,-1,-16,-40
1456704186461092,1,-3,-9,-4,-7,-5,15,-4
1456704186475552,11,-6,4,3,4,4,8,15
1456704186475552,4,6,-10,-1,-8,-5,-12,9
1456704186476552,15,-6,-21,-13,-5,-5,11,22
1456704186476552,13,3,12,4,0,1,10,31
1456704186490771,-42,2,6,0,0,-2,-12,17
1456704186490771,0,-18,1,2,5,2,4,9
1456704186497765,2,-4,-2,4,1,-2,-7,-3
1456704186497765,-11,27,9,3,1,-3,-16,-31
1456704186512555,5,-26,6,-3,0,0,-1,7
1456704186512555,4,3,16,5,2,-1,-1,-24
1456704186520843,-23,-15,-21,-2,-3,-1,-4,-3
1456704186520843,4,-7,-13,-3,0,1,0,-7
1456704186535857,-4,16,-4,0,0,-3,2,1
1456704186535857,11,12,-11,-5,-3,-2,-1,-11
1456704186543860,-2,4,23,5,2,-1,2,-11
1456704186543860,3,5,-1,3,1,-1,1,14
1456704186550559,11,3,-14,-5,-3,-4,-5,-7
1456704186550559,-17,-21,-3,-2,-1,-4,0,2
1456704186557569,-2,2,8,-2,-2,0,3,9
1456704186557569,0,-9,-5,1,1,0,-4,-2
1456704186572882,-25,-8,-9,-9,-7,-5,-7,-27
1456704186572882,3,7,2,-2,-2,-3,-1,0
1456704186580865,8,10,9,3,-1,2,6,-5
1456704186580865,-7,0,-6,-5,-4,-2,-3,-9
1456704186595865,5,5,-18,-3,1,-2,-6,-13
1456704186595865,-2,5,6,-1,-4,-1,2,1
1456704186603865,-2,-8,-3,-5,-3,-3,0,9
1456704186603865,3,-7,1,0,-1,0,0,-9
1456704186619208,2,6,12,3,1,0,-13,6
1456704186619208,-9,-6,-5,-1,0,-2,8,-10
1456704186619867,-4,3,2,0,-1,-2,-2,4
1456704186619867,2,-11,0,-5,-1,-1,-4,1
1456704186633210,-2,3,5,0,-3,-2,-3,-3
1456704186633210,14,-1,-13,-4,-2,-1,-8,-8
1456704186640874,-7,3,-6,-2,-1,-2,-5,4
1456704186640874,4,0,3,0,-1,-2,-5,-36
1456704186656176,-7,3,-16,-3,-2,-1,2,36
1456704186656176,4,-35,-14,-3,-1,4,21,-7
1456704186663678,-5,21,5,0,-2,-3,2,6
1456704186663678,3,-5,11,-1,-1,0,-5,1
1456704186679007,-3,12,-15,-5,-5,-4,-31,-12
1456704186679007,21,19,2,4,2,1,-5,4
1456704186680008,6,-17,1,1,1,1,20,8
1456704186680008,4,6,-14,-7,-2,-1,0,5
1456704186693230,-8,-15,5,-2,-2,-1,4,-20
1456704186693230,-18,5,4,0,-2,-4,-14,-2
1456704186701231,10,-4,-6,-2,-1,-1,-9,-4
1456704186701231,-3,-5,1,-1,-1,-1,-1,7
1456704186716009,8,9,6,6,1,0,8,3
1456704186716009,-8,-2,1,-8,-5,-3,-2,-3
1456704186724233,-10,-14,1,2,1,0,-3,-11
1456704186724233,5,4,-4,-1,0,0,5,8
1456704186739011,6,-9,-5,-1,-5,-2,3,2
1456704186739011,-19,16,-16,-8,-1,-4,-1,-4
1456704186740213,-2,3,2,-1,-1,-1,-5,-4
1456704186740213,-5,-23,-6,-2,-1,-4,-4,5
1456704186753012,-2,-17,2,1,1,-1,3,4
1456704186753012,6,13,12,3,-2,-1,8,-20
1456704186761022,-9,1,2,-1,-1,-1,-1,4
1456704186761022,-3,-19,-12,-3,-2,-3,-1,-2
1456704186776317,4,10,8,0,-1,-2,1,-8
1456704186776317,-4,-5,7,0,-1,-2,-10,3
1456704186783547,3,5,-7,-6,-3,-2,-2,5
1456704186783547,-7,4,0,-1,-2,-1,13,4
1456704186798380,20,4,3,-1,2,0,-20,-2
1456704186798380,-1,-4,-3,0,-3,-3,-15,3
1456704186799318,-3,3,-1,-3,-1,-2,4,-2
1456704186799318,-1,-4,-7,-3,-3,-3,-11,-7
1456704186812319,-13,-3,0,0,2,-2,9,-2
1456704186812319,1,-6,-2,-2,-1,1,-9,3
1456704186820538,-2,-4,-9,-6,-7,-3,-6,-8
1456704186820538,4,6,33,-3,-3,-1,2,-3
1456704186835326,-11,-10,-18,-3,-2,-3,-6,-9
1456704186835326,1,4,-17,1,3,0,3,-2
1456704186844321,-3,8,7,3,2,1,3,0
1456704186844321,7,-1,3,0,-1,1,2,6
1456704186858877,0,-1,7,-1,-1,-1,6,12
1456704186858877,-1,8,3,1,0,0,4,-3
1456704186859877,-11,-17,5,2,-2,-1,2,-4
1456704186859877,-1,15,-14,-3,-2,-3,-25,-2
1456704186872350,-1,-11,-3,-1,0,-1,13,8
1456704186872350,1,-7,-5,-1,-2,-1,2,-4
1456704186880349,0,-7,-6,-3,0,-2,-4,-5
1456704186880349,-2,6,0,-1,-2,-1,-1,1
1456704186895564,0,3,-4,-1,-1,0,7,-1
1456704186895564,-5,-2,8,-2,-3,-3,-8,-8
1456704186903562,8,6,2,1,-1,-1,-2,8
1456704186903562,-5,2,-4,1,-2,-1,0,4
1456704186918565,0,-5,-4,-3,-4,-2,2,-8
1456704186918565,-7,-7,0,-2,-3,-4,-2,3
1456704186919351,2,-4,5,0,0,-1,-9,8
1456704186919351,-7,0,-6,-1,-3,0,54,0
1456704186932565,-6,20,5,-1,0,0,-19,-6
1456704186932565,11,-24,9,8,5,2,18,5
1456704186940358,-2,22,19,-2,-2,-2,-8,-1
1456704186940358,-3,-29,-1,1,-1,-1,-13,-2
1456704186956160,-3,3,-8,-6,-3,-3,1,-1
1456704186956160,-1,-3,1,-2,-1,-2,-5,-3
1456704186964076,2,-2,-10,-2,-1,0,0,-2
1456704186964076,0,11,5,1,0,-1,-7,-2
1456704186978910,2,0,7,0,-3,0,6,3
1456704186978910,-6,1,-17,-1,-2,-1,-7,-7
1456704186979801,5,1,0,-3,-3,-2,1,-4
1456704186979801,0,4,-6,-2,-2,-1,-3,11
1456704186993065,0,-21,-3,-1,1,-1,-4,-9
1456704186993065,1,6,10,3,2,0,0,0
1456704187001032,-6,-11,-5,-3,-2,-2,-1,-1
1456704187001032,-4,1,-11,-4,-1,-3,-12,-4
1456704187016068,-7,-1,4,-6,-3,-3,9,12
1456704187016068,20,7,7,2,0,-1,0,2
1456704187024141,-2,-7,-12,0,2,0,-2,-6
1456704187024141,1,-4,-2,-3,-1,-2,-13,-5
1456704187038867,4,16,2,2,1,-1,16,0
1456704187038867,-8,-17,-22,-3,-3,-2,-5,-5
1456704187039806,-9,-10,-12,-5,-2,0,3,5
1456704187039806,-5,6,10,-2,-3,-3,-3,-7
1456704187052810,1,8,0,1,0,1,-1,2
1456704187052810,-6,3,11,-3,-3,-2,-4,-5
1456704187061330,10,0,-2,1,0,-2,2,-4
1456704187061330,2,-14,-6,-2,-5,-2,-5,-6
1456704187076182,-7,-27,-5,-2,1,1,-2,-11
1456704187076182,-5,22,-8,-2,-2,-2,-2,4
1456704187084177,-1,0,-9,2,0,1,-1,8
1456704187084177,4,13,15,0,0,-1,0,-1
1456704187099182,1,-6,-7,-1,-1,1,-6,0
1456704187099182,-7,-4,-3,1,0,-1,-10,-4
1456704187099841,-5,0,-2,-2,-1,-2,14,-14
1456704187099841,4,-10,-5,0,-2,2,8,24
1456704187112843,-3,-2,8,-2,-3,-2,-12,-1
1456704187112843,-7,-7,-8,-5,-3,0,10,7
1456704187121184,-3,10,8,-2,-1,-2,-6,-4
1456704187121184,1,0,-4,3,4,0,-5,-4
1456704187136183,-6,3,-2,-4,-5,-4,-3,-3
1456704187136183,-2,-15,6,-2,-3,-1,-5,-3
1456704187143884,2,4,1,2,-1,-2,-10,1
1456704187143884,-7,-7,-10,0,0,-1,-1,-8
1456704187158663,4,-7,-22,-3,-2,-2,1,-1
1456704187158663,-1,10,0,-6,-1,-3,-4,-1
1456704187159655,-2,-1,5,-2,-2,-3,-1,-1
1456704187159655,4,2,-6,-4,-2,-1,-3,6
1456704187173217,-1,-4,14,2,2,-1,-2,-3
1456704187173217,-2,2,1,0,0,0,-2,-1
1456704187180172,-5,0,-4,-1,-3,-1,-1,-26
1456704187180172,15,-5,-8,-3,-1,-1,1,17
1456704187195472,-3,-5,4,3,-3,-1,-5,-6
1456704187195472,1,1,-5,-7,-2,2,2,3
1456704187204214,-4,-3,1,-1,-2,0,-10,-5
1456704187204214,-10,-2,5,1,0,-1,-15,1
1456704187219211,18,6,-15,-1,0,-1,8,0
1456704187219211,0,7,25,2,-1,-3,2,8
1456704187219211,-6,-13,-15,-1,-2,-1,2,0
1456704187219211,1,8,-4,-5,-4,-4,-11,-11
1456704187233214,-1,4,5,1,0,-2,2,6
1456704187233214,-3,-8,-3,-1,-2,-1,0,-3
1456704187240174,4,9,10,1,-1,-1,-4,-2
1456704187240174,-5,-18,4,0,-1,-2,6,-9
1456704187255735,-4,21,8,-2,-1,0,-1,-3
1456704187255735,-3,-25,-9,-1,-1,-2,1,-5
1456704187264200,-5,-12,-6,-2,-2,-3,3,3
1456704187264200,-5,-1,-5,-5,-2,-1,4,-3
1456704187278680,-1,0,3,1,-2,-1,-2,2
1456704187278680,-9,17,-2,-1,-2,-2,-5,-2
1456704187279419,-7,-13,8,0,1,0,-3,0
1456704187279419,-4,12,5,3,1,-1,5,-3
1456704187301707,-4,8,32,2,-2,-2,-2,0
1456704187301707,5,-8,-30,-3,-1,-1,1,-8
1456704187302422,2,-3,-2,-2,-4,-1,-1,5
1456704187302422,-4,9,-12,-3,-3,-2,8,-5
1456704187315756,2,-14,-2,0,-1,0,-8,8
1456704187315756,-5,-15,3,-2,-2,-2,-2,-6
1456704187323753,1,6,-2,0,0,-1,-3,-1
1456704187323753,5,0,4,2,0,-1,-1,0
1456704187338462,-4,-1,-13,-5,-3,-1,1,1
1456704187338462,4,2,1,-1,-1,-3,-4,3
1456704187339423,1,-5,-13,-5,-1,0,7,-1
1456704187339423,1,8,5,1,0,-1,-1,22
1456704187352424,0,-7,-10,-3,-6,-2,0,-12
1456704187352424,5,-8,-2,-1,-1,-1,-2,2
1456704187360933,0,-5,5,0,-1,-1,-5,-10
1456704187360933,3,16,-5,0,2,0,2,4
1456704187375781,-13,-5,-9,-4,-1,-2,-1,-6
1456704187375781,0,2,0,2,-1,0,1,-3
1456704187383785,-4,-4,-19,1,0,-2,-2,7
1456704187383785,14,-8,20,-6,-5,-2,0,-13
1456704187398442,-12,11,-16,-1,0,-2,-5,-1
1456704187398442,-7,-10,3,1,-1,-2,-3,-5
1456704187399455,-2,-1,7,4,0,1,0,2
1456704187399455,-3,-16,-9,1,-1,0,-1,-2
1456704187414442,4,-2,-3,-7,-2,-1,-1,3
1456704187414442,-8,23,8,-8,-5,-4,-1,1
1456704187420669,2,-25,-17,-1,-1,-1,2,2
1456704187420669,-4,3,2,2,0,0,-1,-9
1456704187435708,8,-20,-1,-3,-2,-1,0,3
1456704187435708,-3,7,5,-5,-3,-6,-4,-10
1456704187443716,4,18,2,-4,-2,-1,-2,5
1456704187443716,-3,-2,-13,1,1,-1,-4,-19
1456704187457965,-10,8,1,8,4,3,5,6
1456704187457965,9,-25,-8,-7,-4,-2,1,14
1456704187465966,-4,6,3,-1,-3,-5,-2,-26
1456704187465966,-2,-16,-6,-1,0,2,2,15
1456704187472980,17,-3,-2,-12,-7,-6,-5,-29
1456704187472980,-11,18,-1,4,2,2,0,1
1456704187479980,-1,-15,6,4,4,-1,-1,7
1456704187479980,3,16,3,3,2,2,2,-1
1456704187495176,-19,-8,-3,-3,-4,-2,-3,5
1456704187495176,6,8,15,1,-3,-1,-11,-1
1456704187504113,-8,12,28,-2,-2,0,26,7
1456704187504113,-2,-10,-10,-1,-1,-4,-5,-9
1456704187518113,9,-4,-4,0,2,-1,2,3
1456704187518113,-2,5,-5,-2,-4,-3,-2,-7
1456704187526121,2,-9,4,0,-1,-2,-9,2
1456704187526121,-10,0,0,-6,-2,-3,0,-1
1456704187532984,-3,-5,1,0,0,-2,-4,-5
1456704187532984,5,-1,-4,4,0,1,4,0
1456704187541209,0,6,-13,-3,-1,-1,-5,4
1456704187541209,-5,-15,2,-3,-2,-2,-1,-8
1456704187555986,11,18,0,-1,-3,-1,-10,10
1456704187555986,-8,-10,-6,0,2,-1,1,2
1456704187563499,-16,-8,-4,-5,-1,-1,-7,-8
1456704187563499,13,1,-5,-6,-3,-1,11,1
1456704187577432,-21,9,3,3,-1,-3,-12,-14
1456704187577432,3,-6,-4,-1,-2,-2,-1,-5
1456704187586217,-4,-7,-5,-3,-4,-2,-13,-15
1456704187586217,0,4,-1,1,-2,2,-2,33
1456704187592438,-2,-3,0,-2,-3,-2,10,-10
1456704187592438,0,2,-6,-5,-6,-7,-19,-28
1456704187601218,13,0,-8,-1,4,4,3,36
1456704187601218,-18,-2,3,8,4,-4,-41,-46
1456704187616219,18,-2,-3,-16,-12,0,43,58
1456704187616219,-10,-2,6,-1,1,1,-2,-12
1456704187623446,36,-2,-32,-5,-5,-6,-8,-3
1456704187623446,-25,3,1,0,0,2,17,22
1456704187637433,2,2,-2,9,6,0,-16,-4
1456704187637433,-2,-19,11,0,-2,0,4,0
1456704187645435,-21,1,-13,-4,-4,-2,10,22
1456704187645435,-2,4,16,-10,-3,-3,-12,-7
1456704187662438,-1,-10,-21,-2,1,-2,-5,-16
1456704187662438,1,2,15,2,2,2,5,12
1456704187662939,-4,-13,19,2,-1,-1,-6,-13
1456704187662939,-1,-1,-5,-5,-4,-2,5,2
1456704187676156,-8,-3,9,1,1,1,-4,-2
1456704187676156,-1,8,-12,-1,1,2,6,-3
1456704187684156,2,8,12,0,2,0,-3,-1
1456704187684156,-2,-11,-11,-3,-4,-4,5,-14
1456704187698158,3,0,10,0,0,1,-3,-4
1456704187698158,3,-1,-13,-3,-3,-2,-2,10
1456704187706157,1,-2,-3,-3,-3,-2,-2,-10
1456704187706157,7,5,-3,-1,-1,-2,-1,3
1456704187721158,-17,-3,-6,1,-2,-2,-11,-4
1456704187721158,-3,-5,1,0,-2,-2,12,-12
1456704187722159,-5,4,1,0,-1,0,-3,8
1456704187722159,10,2,-3,-2,-1,-3,2,-16
1456704187736159,-10,-5,6,1,-1,0,6,27
1456704187736159,1,6,-8,-1,-1,0,-3,-5
1456704187743376,1,10,1,-5,-2,-4,-1,-8
1456704187743376,-2,-10,-6,-1,-1,-1,-6,-8
1456704187757672,6,-8,-1,-1,0,-4,-3,-12
1456704187757672,1,0,-2,-2,2,1,14,15
1456704187765673,-2,5,-1,3,3,-1,1,-5
1456704187765673,2,-8,3,-3,-5,-2,-2,11
1456704187781179,-1,4,-3,-2,-2,0,-5,-10
1456704187781179,-8,-6,0,-1,-1,-2,-8,-21
1456704187782179,11,4,-25,-4,-4,-2,6,-1
1456704187782179,-13,6,22,3,-1,1,-3,18
1456704187795410,18,-18,-25,-4,-1,-2,-20,-10
1456704187795410,1,5,7,1,-1,-2,20,8
1456704187804180,-3,3,-2,-1,1,-2,-11,-13
1456704187804180,4,-17,-10,-10,-9,-4,17,-8
1456704187818181,-3,0,3,2,0,-2,-12,5
1456704187818181,-7,6,2,-2,-3,1,-9,-3
1456704187826181,-6,-8,-2,0,0,-2,1,-6
1456704187826181,2,9,1,4,4,1,-16,4
1456704187840183,8,2,10,1,1,2,23,-27
1456704187840183,2,-9,-24,-6,-2,-2,0,14
1456704187841184,-1,9,12,2,-3,-1,-1,-1
1456704187841184,-6,-11,-8,-3,-2,-3,-10,2
1456704187855185,2,8,0,-3,-3,-2,7,-3
1456704187855185,10,0,-2,1,-1,-1,-14,2
1456704187863693,-15,0,13,-2,-2,-1,-2,10
1456704187863693,0,-10,-28,0,-1,-2,1,-10
1456704187877632,7,13,14,0,0,0,-2,2
1456704187877632,-9,4,-3,0,-4,-3,-5,-2
1456704187885635,0,-9,0,-1,-1,-1,3,8
1456704187885635,17,1,-3,2,2,1,-1,6
1456704187900703,-13,5,-4,-2,-2,-4,-18,1
1456704187900703,5,-12,-8,1,1,1,36,5
1456704187901420,2,-10,-6,-7,-6,-2,-7,-10
1456704187901420,-1,5,11,3,2,-2,4,-4
1456704187915457,1,-2,0,0,0,1,-2,14
1456704187915457,-4,11,14,-3,-1,-3,-17,-9
1456704187923428,3,3,16,0,0,-4,0,-2
1456704187923428,-2,1,-10,1,0,0,11,-3
1456704187937429,-3,-4,-1,-4,-4,-2,-15,4
1456704187937429,-5,-11,-2,-1,1,-2,1,-1
1456704187945423,-7,-5,1,-3,-2,-1,0,1
1456704187945423,-12,5,-2,-3,-2,-3,-12,-14
1456704187960872,18,4,4,1,0,-1,4,2
1456704187960872,-2,-1,-2,-2,0,-1,-5,3
1456704187961874,-2,-4,-9,0,-1,0,-7,-9
1456704187961874,2,7,0,-1,-1,0,-8,-1
1456704187975661,-14,-1,-5,-1,-1,0,33,-6
1456704187975661,15,-10,-3,-5,-5,-5,-11,1
1456704187983697,-19,-9,-16,-2,1,1,-1,-2
1456704187983697,-6,-18,6,1,-1,-2,-4,-5
1456704187997662,-9,-4,-4,0,-1,-1,-3,-7
1456704187997662,1,6,-11,1,1,0,-5,34
1456704188005877,5,-9,-4,0,0,-2,-15,-15
1456704188005877,7,12,7,-1,-3,1,23,13
1456704188020892,-10,-13,0,0,-2,-1,-8,-3
1456704188020892,0,11,7,-1,-2,0,-7,-13
1456704188021890,3,-5,-9,-1,-2,0,3,3
1456704188021890,2,2,-3,-2,0,1,-13,-3
1456704188035894,-15,0,-1,0,0,-2,13,-6
1456704188035894,-14,-1,-1,-1,0,0,1,-10
1456704188043670,7,9,4,-1,-1,-1,2,13
1456704188043670,-11,1,-3,-2,-2,-3,-12,-7
1456704188058119,12,-5,-1,-2,-1,0,8,1
1456704188058119,-5,-3,-2,1,-1,0,21,1
1456704188066117,-5,9,3,0,0,-3,2,-2
1456704188066117,-7,-10,2,-1,-1,-2,7,3
1456704188080789,0,-8,-8,-2,-1,0,-16,-2
1456704188080789,0,-17,13,-2,-1,1,-7,-4
1456704188081713,-1,6,-19,-3,-3,-3,-1,3
1456704188081713,4,-6,3,0,0,0,2,-16
1456704188095608,-3,-3,-6,-2,-2,-2,-4,12
1456704188095608,6,-4,-1,1,1,-1,-8,-6
1456704188103834,-12,-2,-8,-4,-3,-2,-2,-2
1456704188103834,10,14,7,-1,-1,-1,-5,-11
1456704188117836,8,-7,-4,-1,0,1,1,4
1456704188117836,-14,-4,-3,0,-1,-3,-5,-10
1456704188125825,1,1,2,-1,-3,-1,6,-2
1456704188125825,-6,3,-5,-1,1,-2,-9,5
1456704188140896,6,0,5,0,-3,-2,-4,-3
1456704188140896,6,5,-2,1,0,2,24,-7
1456704188141611,1,-5,7,1,1,0,3,5
1456704188141611,-4,2,-2,-3,-1,-2,0,3
1456704188155612,-10,15,-4,-5,-4,-2,-10,-2
1456704188155612,-10,-30,-7,-4,-5,-1,14,-15
1456704188170839,8,5,-6,2,-1,0,0,-7
1456704188170839,-7,-10,-28,-3,-3,-3,5,5
1456704188178107,2,10,0,-1,0,-2,-5,-17
1456704188178107,-8,-5,-9,-2,-1,0,-13,10
1456704188185883,-3,5,10,-1,-3,-1,-1,-8
1456704188185883,21,-7,-6,-3,-4,-3,0,7
1456704188201107,-25,-6,-3,-2,-1,-4,-3,-11
1456704188201107,1,9,3,1,-1,-2,-11,-3
1456704188202115,-3,-15,0,-4,0,0,-11,-5
1456704188202115,-11,6,3,-2,-2,-2,8,2
1456704188215860,-4,-7,2,-1,-1,-1,5,-3
1456704188215860,4,7,0,1,-2,-1,-7,1
1456704188223996,1,-4,0,0,0,-1,-1,9
1456704188223996,-8,-1,-2,-3,-4,-2,-7,-10
1456704188238113,12,-5,1,-2,-2,-2,3,7
1456704188238113,-4,2,-2,-4,-4,-3,-2,-3
1456704188245851,2,-3,0,-1,-2,-2,2,-2
1456704188245851,-1,2,8,-1,0,1,-1,3
1456704188261108,-7,3,14,2,0,0,0,-17
1456704188261108,10,-2,-19,-4,-3,-4,-14,2
1456704188262073,4,4,15,-2,-2,1,-10,-4
1456704188262073,-6,-5,4,0,-1,-3,9,-4
1456704188275881,2,8,5,3,-1,-1,-4,11
1456704188275881,-3,5,-2,-3,-2,-2,-2,-9
1456704188284105,2,-16,0,0,-2,-3,-5,4
1456704188284105,-4,-7,0,-1,-3,0,-3,-6
1456704188298066,-18,-8,-6,-8,-3,-3,-1,5
1456704188298066,12,8,4,0,0,0,-4,-3
1456704188306104,-10,4,-6,-2,0,-1,5,-3
1456704188306104,-1,-6,0,1,0,2,4,7
1456704188321103,11,-4,-4,-2,-2,-2,-9,-5
1456704188321103,-9,7,1,1,1,0,20,6
1456704188322109,8,-10,-6,-5,-6,-4,7,-8
1456704188322109,2,-2,1,2,2,-1,-3,-2
1456704188336109,-3,1,-4,-2,-4,-1,-3,-6
1456704188336109,-2,-4,-3,-1,-1,-2,-7,5
1456704188344105,-5,-1,0,-1,0,-1,-3,0
1456704188344105,-3,1,2,-1,2,-1,-1,5
1456704188357828,6,6,-11,0,1,-1,0,1
1456704188357828,-13,-4,22,-1,-4,-2,-9,-6
1456704188366135,0,-9,-22,-3,0,-1,5,3
1456704188366135,4,10,-12,-3,-4,-3,-9,0
1456704188380122,3,-5,15,3,2,-1,2,-2
1456704188380122,1,1,0,-4,-1,-2,-4,-4
1456704188389119,-6,-4,2,-2,-2,-3,-4,-2
1456704188389119,7,8,-2,-3,-1,-1,1,-2
1456704188395348,-16,-2,-3,0,0,1,0,0
1456704188395348,-4,-9,-10,0,-1,-1,-5,0
1456704188404118,7,0,5,0,-2,-3,-4,4
1456704188404118,-1,4,0,-1,-1,-1,2,-2
1456704188418119,5,-18,-3,-1,-2,0,-17,-12
1456704188418119,-1,3,-3,-2,-1,-1,9,7
1456704188426120,-17,1,-2,0,1,-1,-2,-7
1456704188426120,2,-3,2,-4,-3,-2,-5,-7
1456704188440162,3,0,-4,-1,1,-1,1,-2
1456704188440162,2,-1,0,0,-2,1,-5,-6
1456704188448123,-19,11,-1,-3,-2,-1,1,3
1456704188448123,15,-2,5,1,-1,-2,2,3
1456704188455127,5,2,2,-1,-1,-2,7,7
1456704188455127,-3,-4,-6,-4,-1,-2,-6,-9
1456704188463643,8,5,5,1,-1,-1,2,0
1456704188463643,-15,-12,-16,-6,-3,-1,-3,-5
1456704188477166,-2,3,4,-3,-3,-1,0,1
1456704188477166,8,8,-2,2,0,-1,-3,1
1456704188485167,1,-31,-9,-1,-1,-1,0,-8
1456704188485167,-3,7,-5,-8,-6,-4,-4,-1
1456704188500203,8,0,-3,-1,-3,-2,-1,-4
1456704188500203,-1,-1,-6,-5,-3,-1,-4,-3
1456704188508162,-2,17,5,3,1,1,-2,-7
1456704188508162,-13,-6,16,5,1,0,1,4
1456704188515203,7,-10,-19,-11,-5,-2,2,-1
1456704188515203,-1,-4,-7,-6,-3,-2,-5,2
1456704188523169,-5,12,-6,3,1,1,2,7
1456704188523169,16,-2,22,21,12,2,-2,2
1456704188537170,-6,-20,-36,-26,-16,-5,-3,-4
1456704188537170,-3,-4,-5,-3,-1,-4,-2,-6
1456704188545170,21,0,27,-3,-2,-2,-3,8
1456704188545170,-14,12,-6,-1,0,-1,1,3
1456704188560727,-8,5,26,22,8,2,0,13
1456704188560727,8,-11,-8,-9,-7,-2,-3,1
1456704188568687,-3,-5,-14,-4,-3,-3,-3,-12
1456704188568687,2,-10,-2,-3,-3,-1,-15,-8
1456704188584244,-2,15,7,4,2,0,15,1
1456704188584244,-22,-6,5,-1,-1,-2,0,6
1456704188585204,2,-3,6,1,0,0,3,5
1456704188585204,-9,-9,-11,-6,-4,-3,-9,-21
1456704188597204,10,-6,-8,-1,0,-2,-7,11
1456704188597204,0,2,6,5,2,0,-21,-13
1456704188605210,1,3,-8,-2,-1,2,82,-2
1456704188605210,-12,-8,-10,-6,-4,-3,-3,5
1456704188620246,-9,4,6,-1,-1,-2,-1,-11
1456704188620246,1,13,5,5,4,0,3,0
1456704188628206,5,9,-6,-6,-4,-4,-28,-1
1456704188628206,-11,-25,-4,-7,-4,-1,3,-6
1456704188644248,-7,-4,5,0,-2,-4,4,-16
1456704188644248,-3,-7,-4,-2,-2,-1,-19,5
1456704188645207,2,8,0,3,1,2,14,14
1456704188645207,9,12,2,4,0,0,2,-5
1456704188657732,1,-7,-7,-5,-2,0,-8,-10
1456704188657732,1,3,1,0,-1,1,3,11
1456704188665728,2,-14,5,-1,-2,-5,-18,4
1456704188665728,-8,6,-17,-3,-2,-6,-14,-27
1456704188680248,3,1,-3,1,0,3,25,0
1456704188680248,11,-3,-3,-2,-5,-1,30,9
1456704188688250,-5,-4,8,-4,-3,-2,-27,-11
1456704188688250,-6,-10,-20,-3,-1,-1,2,10
1456704188704291,6,4,1,-1,2,-3,-24,-17
1456704188704291,-4,17,4,1,-1,-1,2,-8
1456704188705250,-6,-4,-5,-1,1,-2,-12,-1
1456704188705250,0,-4,8,-3,-5,-1,2,-7
1456704188717256,-2,-3,11,3,0,-2,3,4
1456704188717256,-3,-3,-21,0,-1,1,-2,8
1456704188725257,-5,5,-4,-2,-3,-2,-6,-6
1456704188725257,12,-2,0,-6,-4,-2,1,4
1456704188740292,-20,-11,-19,3,1,0,0,0
1456704188740292,-3,10,30,0,1,-3,-3,4
1456704188748252,-2,6,1,-5,-5,-4,-12,-12
1456704188748252,0,-6,-1,0,-1,1,8,8
1456704188764809,-1,-2,4,1,0,0,-5,-6
1456704188764809,-7,-15,-8,1,2,1,2,9
1456704188765773,-12,3,-14,0,0,0,-1,4
1456704188765773,24,9,1,-1,-1,0,1,-8
1456704188777298,-1,-3,-3,-1,-1,-1,0,21
1456704188777298,8,-1,-6,-2,-2,-2,-5,-18
1456704188786294,-1,-11,1,0,-2,0,-5,5
1456704188786294,-11,0,4,-3,-3,-1,7,4
1456704188800335,4,0,-4,-3,-1,-3,-7,-12
1456704188800335,-11,3,-4,-2,0,0,10,-7
1456704188809295,3,-4,0,-1,-1,-1,-6,0
1456704188809295,-1,-2,5,3,2,-2,-4,-5
1456704188822301,9,15,0,-4,-3,-1,1,5
1456704188822301,-13,-10,3,1,-1,-3,-9,-6
1456704188831296,3,7,-1,3,2,1,4,0
1456704188831296,-23,-27,-5,-4,-4,-3,-3,2
1456704188837302,16,11,2,1,-2,-4,-12,5
1456704188837302,-2,-4,-1,-1,0,2,9,-24
1456704188846298,-8,-3,-6,0,-1,0,23,5
1456704188846298,8,3,0,-1,-2,-1,-1,10
1456704188860818,-9,7,3,-1,-2,-1,-8,-6
1456704188860818,-1,-25,-17,-2,-1,-2,-12,5
1456704188869825,-7,10,5,-3,-3,-3,-11,-7
1456704188869825,0,7,5,2,2,0,7,4
1456704188882340,-8,-4,-3,-1,-3,-1,-10,0
1456704188882340,18,4,6,-1,0,-1,-6,-2
1456704188891339,-33,-13,-7,-5,0,-2,-5,-9
1456704188891339,18,5,16,0,-1,0,-1,6
1456704188897340,-13,-11,-4,-2,-2,-3,0,-5
1456704188897340,11,9,0,-3,-3,-2,5,6
1456704188906340,12,-14,-1,1,-1,-2,-8,1
1456704188906340,-7,7,1,1,0,0,3,-3
1456704188920381,-8,-7,-7,-2,-2,-2,-18,0
1456704188920381,4,3,4,1,1,1,28,10
1456704188929342,-4,-2,-2,-6,-5,-2,1,-13
1456704188929342,-5,0,-8,-1,-1,-1,-8,3
1456704188942347,-2,-8,0,1,-2,1,-2,-11
1456704188942347,-13,-5,-5,0,-2,-2,-6,7
1456704188951344,14,6,2,0,-1,-2,-6,-16
1456704188951344,-6,1,-11,-3,-2,0,-4,13
1456704188957863,2,0,-5,-4,-1,0,-1,1
1456704188957863,-16,3,4,0,-1,-3,6,-20
1456704188966865,22,-18,-10,-1,-1,3,16,23
1456704188966865,4,3,8,-2,-4,-3,-5,-13
1456704188980421,2,2,0,-1,-4,-2,0,2
1456704188980421,-5,-8,-14,-1,0,-2,-11,-2
1456704188989386,2,6,6,0,-1,0,-5,-1
1456704188989386,-1,1,4,-3,1,-1,-1,-6
1456704189002391,3,-9,-8,0,1,0,13,2
1456704189002391,1,-4,10,-4,-4,-1,-10,-5
1456704189011386,-2,3,2,1,1,1,-9,3
1456704189011386,3,-3,-7,-1,-1,1,13,1
1456704189017392,-4,6,4,-2,-1,-2,7,-9
1456704189017392,-16,-4,1,-2,-1,-1,-8,-1
1456704189026387,2,3,5,0,-1,-3,-8,-13
1456704189026387,-11,-8,-4,1,-1,-2,-5,5
1456704189040459,15,5,1,-3,0,-1,6,0
1456704189040459,-2,-4,-4,-1,-2,-2,4,6
1456704189049425,7,5,3,-3,-3,-2,-1,5
1456704189049425,-5,-10,-6,1,-1,-3,-6,-8
1456704189062909,-4,3,4,-1,-1,-2,-13,0
1456704189062909,7,-7,-17,0,0,2,25,8
1456704189071911,-8,15,2,-2,-2,-2,0,-3
1456704189071911,1,-9,-5,-1,-2,-2,-1,2
1456704189077420,-9,-14,-5,-4,-1,-1,-8,0
1456704189077420,-2,8,7,-1,-2,-4,-10,-8
1456704189086419,2,-5,-7,-1,-3,-2,0,1
1456704189086419,-11,-3,-23,-4,0,-2,-2,-11
1456704189100426,-3,3,13,1,0,2,5,8
1456704189100426,2,3,-13,-5,0,0,-8,-5
1456704189109421,-4,-8,-6,1,-2,-1,3,6
1456704189109421,-5,18,13,0,-2,-2,-7,-8
1456704189122427,-5,-13,-16,-4,-2,1,1,-1
1456704189122427,12,-5,1,-2,-3,-2,-8,-7
1456704189131423,-21,1,0,0,0,-1,-3,10
1456704189131423,0,4,9,-2,-2,-2,-7,-1
1456704189137428,1,-3,-6,-2,0,-1,30,4
1456704189137428,0,8,7,0,1,-1,-4,6
1456704189146423,2,-9,-4,-4,-3,-1,-7,-15
1456704189146423,9,2,0,0,0,0,4,11
1456704189160455,-1,0,-2,-1,-4,-3,8,2
1456704189160455,-2,8,11,-1,-3,-1,-7,0
1456704189169444,0,-29,-19,0,1,1,6,-8
1456704189169444,-5,-4,-6,0,1,1,-1,-2
1456704189182668,7,6,-1,1,-3,-3,-20,-1
1456704189182668,-3,-12,6,0,1,-2,22,-6
1456704189191665,12,23,6,-4,-2,-2,-5,0
1456704189191665,-22,-27,-7,-4,-3,-2,-6,-3
1456704189197664,-5,3,10,-2,-2,-2,-9,-18
1456704189197664,-5,2,3,3,-1,-2,-8,1
1456704189206666,-3,-6,-3,0,-1,-2,-1,-2
1456704189206666,5,0,-3,-5,0,-3,0,-1
1456704189220680,-4,2,3,0,-2,-2,2,-3
1456704189220680,-3,-1,-4,-1,0,0,-7,6
1456704189229468,-2,-1,1,-4,-1,-1,-4,-1
1456704189229468,10,3,-5,-4,-4,-3,-5,-7
1456704189242682,-9,-1,-2,1,1,1,8,7
1456704189242682,6,-12,-1,-3,-1,0,-2,-6
1456704189252470,4,4,-5,-2,-1,0,-2,10
1456704189252470,-7,-10,1,-1,-2,-1,-6,3
1456704189257687,10,-6,0,0,1,-2,-9,-3
1456704189257687,-3,2,-6,-2,-1,-4,-5,-4
1456704189266694,-1,0,15,-1,0,-3,2,-5
1456704189266694,18,9,-2,2,1,0,1,4
1456704189280651,-9,-17,-7,-2,-2,-3,5,3
1456704189280651,0,12,2,-1,-3,-2,-8,7
1456704189289411,-8,-16,-4,1,0,0,2,-7
1456704189289411,10,10,6,0,-3,-1,0,-1
1456704189302699,2,5,-1,0,-1,-1,-1,-3
1456704189302699,0,0,-7,-2,-1,-1,-2,-3
1456704189312414,-7,-1,-1,-1,-1,-1,-7,0
1456704189312414,1,4,7,1,-1,0,6,-2
1456704189317421,-17,-33,-13,-9,-2,-5,-6,-1
1456704189317421,-5,2,-7,-4,-1,0,-2,2
1456704189327415,9,-3,-6,-3,-2,-3,-7,-6
1456704189327415,0,-3,0,3,-1,1,-25,0
1456704189340739,-13,21,3,-1,0,2,26,8
1456704189340739,2,-11,0,0,-1,1,-7,-7
1456704189349416,-11,-5,-1,0,-1,-2,-2,7
1456704189349416,19,2,-3,-2,1,0,7,-4
1456704189379730,10,12,4,-2,-2,0,-21,-3
1456704189379730,-9,-6,-2,1,1,-1,-2,-1
1456704189381731,-5,-6,12,0,0,1,6,-6
1456704189381731,-13,-1,-4,-2,-2,-2,-1,1
1456704189382730,8,11,11,4,3,1,-4,-3
1456704189382730,0,-3,-2,0,-1,0,3,7
1456704189386730,0,-13,-4,-2,-3,-2,-3,-9
1456704189386730,-5,-3,-2,-2,-3,-1,8,-3
1456704189401063,0,-2,-12,-3,-2,-2,-7,8
1456704189401063,2,13,16,2,-1,0,5,-8
1456704189409731,11,-1,-2,0,1,-2,-3,-3
1456704189409731,-6,-1,1,-2,0,-2,4,7
1456704189422773,5,8,-6,0,-2,-1,2,3
1456704189422773,-4,-2,0,-6,-3,-4,-10,-8
1456704189432733,4,-19,-17,-3,-3,-2,-1,2
1456704189432733,9,6,5,1,-1,-1,3,-2
1456704189437739,1,0,5,-3,-1,-1,-6,-5
1456704189437739,7,6,-1,-2,0,-2,0,6
1456704189446734,-8,3,-1,-2,0,0,0,-6
1456704189446734,-10,1,-16,-3,1,-2,-2,0
1456704189460982,-1,-19,11,2,0,-3,4,-3
1456704189460982,-2,-1,-4,1,-1,-2,-8,0
1456704189470011,-7,8,-6,-2,-3,-2,0,-6
1456704189470011,-13,-9,-5,-3,-3,-2,-10,-4
1456704189483067,7,9,0,0,0,0,5,1
1456704189483067,2,-3,-6,3,1,0,2,2
1456704189491967,4,-3,4,-1,-3,-2,-3,-1
1456704189491967,-13,4,-2,-1,-3,-3,0,1
1456704189498017,-9,-4,2,-1,-1,0,-7,-10
1456704189498017,10,-13,-2,0,0,-1,-1,2
1456704189508031,1,12,-2,-2,-1,0,-2,-4
1456704189508031,3,2,7,4,4,1,4,9
1456704189521067,-3,-2,-8,5,2,-3,-2,-1
1456704189521067,-14,-20,-18,-18,-9,-2,-2,-8
1456704189528968,8,6,1,-2,0,-4,-2,7
1456704189528968,11,28,26,10,5,1,-1,-10
1456704189543114,-11,-16,-9,-6,-5,0,3,-5
1456704189543114,-7,-12,24,4,0,-1,-3,-9
1456704189551971,7,0,-47,-12,-5,-3,-1,-18
1456704189551971,-24,-7,21,-10,-8,-4,0,4
1456704189566997,32,14,-4,14,10,2,-2,11
1456704189566997,3,-18,7,-11,-7,-6,-8,-11
1456704189568497,-9,-8,2,3,1,4,7,7
1456704189568497,-26,16,16,6,5,0,3,6
1456704189581057,2,-20,-34,-19,-9,-3,-2,-2
1456704189581057,-8,23,-2,7,4,0,4,5
1456704189590018,-15,7,-1,1,-1,-1,-18,-8
1456704189590018,24,-25,4,-1,-1,-1,9,1
1456704189603027,-15,11,16,3,0,-3,-5,-20
1456704189603027,1,2,-13,-1,-2,-2,-1,8
1456704189612028,8,6,6,0,0,-2,5,20
1456704189612028,1,-17,-13,0,-1,0,-3,-7
1456704189627061,-4,1,0,-6,-1,-1,-3,-2
1456704189627061,1,6,-12,-3,-2,-1,-1,-8
1456704189629005,-8,-3,11,6,2,0,-2,0
1456704189629005,8,3,-13,-4,-4,-5,-18,-1
1456704189640007,-10,-12,-1,-4,-2,2,38,6
1456704189640007,1,3,2,1,0,-2,-10,-4
1456704189649063,0,-1,8,1,-1,-2,10,2
1456704189649063,-4,-12,-18,-7,-4,-2,-15,-3
1456704189662724,3,9,2,-2,-1,-3,-15,-20
1456704189662724,2,6,-1,5,3,3,14,-9
1456704189672760,2,-3,-3,-4,-6,-4,-1,21
1456704189672760,0,2,-12,-7,-2,2,12,-7
1456704189686458,2,-5,6,2,-2,-3,-13,4
1456704189686458,4,0,-3,-3,1,0,3,14
1456704189688241,-1,9,20,4,0,2,19,37
1456704189688241,-10,-17,2,3,1,-1,16,-6
1456704189700510,15,-7,-1,-4,-1,-1,-7,-6
1456704189700510,-28,-1,-17,-4,-2,-5,-21,-18
1456704189709278,25,10,26,1,-1,-2,-15,-4
1456704189709278,21,-11,-37,-10,-4,-1,5,24
1456704189723245,-21,8,14,-3,-2,0,-6,-5
1456704189723245,11,-6,8,3,-1,-2,6,26
1456704189731245,-11,1,-11,-2,-1,0,-3,-26
1456704189731245,0,-11,-7,-2,-3,-3,-5,-12
1456704189746248,2,3,0,0,0,-2,-7,6
1456704189746248,2,7,4,1,0,-1,2,-3
1456704189748246,-6,-16,-7,-7,-2,-1,3,-7
1456704189748246,-10,-6,0,1,-1,-2,-4,-9
1456704189761171,1,7,-3,2,1,1,-2,5
1456704189761171,-3,-1,3,-2,-1,0,3,0
1456704189769539,-8,2,-5,1,-1,-1,-2,-10
1456704189769539,-4,2,0,-3,-3,-4,1,-3
1456704189782556,0,-9,2,-1,-5,-2,-2,-4
1456704189782556,-6,2,-2,2,1,-2,-6,-15
1456704189792549,4,3,-8,-1,-2,2,0,7
1456704189792549,-7,-10,-1,-1,-1,-4,-23,-18
1456704189806839,-6,9,9,-3,-3,0,44,12
1456704189806839,-3,-7,-4,-3,-2,-1,-5,9
1456704189808550,4,-3,-10,-1,0,-1,-4,-16
1456704189808550,-6,9,28,0,0,-2,0,-3
1456704189820853,2,-4,-23,0,-1,-2,-16,-3
1456704189820853,-4,-9,-7,-4,-2,0,1,-2
1456704189829553,-8,-3,2,-2,0,-1,0,-7
1456704189829553,7,12,3,0,-1,0,1,3
1456704189842555,-5,-19,5,-3,-4,-4,-9,3
1456704189842555,5,4,-6,-3,-4,-3,0,-2
1456704189852553,-5,0,-2,0,-1,-2,-3,0
1456704189852553,-7,-5,-7,-2,-1,-1,-12,-5
1456704189866080,13,17,1,-2,-2,-3,-11,-33
1456704189866080,9,-12,-4,0,-2,1,12,44
1456704189872849,-36,-29,-4,-5,-2,-1,14,-12
1456704189872849,-6,5,-8,-3,-4,0,34,9
1456704189880856,-5,0,-6,0,0,-2,-10,4
1456704189880856,13,18,7,0,-3,-4,-11,-20
1456704189889856,1,-18,-11,-2,-1,0,-4,5
1456704189889856,14,-6,8,3,1,-2,-8,2
1456704189903077,-34,-4,-26,-3,0,-2,-3,-6
1456704189903077,3,7,0,-2,1,-1,3,2
1456704189912857,-1,-9,5,4,1,0,-5,1
1456704189912857,3,4,-10,-2,-3,0,-2,-9
1456704189927102,14,-3,8,0,-3,0,-8,10
1456704189927102,-7,2,-2,-2,-1,-2,-5,-6
1456704189932858,-10,-6,-4,-4,-2,-5,-4,-5
1456704189932858,14,-4,2,-1,0,0,-3,1
1456704189941098,11,-2,-1,1,0,-1,4,0
1456704189941098,-15,1,-1,-2,-2,1,-5,-5
1456704189949859,3,14,0,1,-2,-2,-2,4
1456704189949859,-5,-11,-5,-2,-2,-2,1,-3
1456704189962885,-2,-9,2,-2,-3,-1,-13,0
1456704189962885,6,-2,-7,-3,-4,-4,14,-4
1456704189972887,-1,17,-2,-2,-2,-2,-2,-1
1456704189972887,-6,-19,-2,1,2,0,-2,1
1456704189985895,-5,14,1,-3,1,0,-4,3
1456704189985895,-9,-15,2,-4,-2,-3,-11,-12
1456704189993894,-1,7,1,1,0,0,8,0
1456704189993894,-2,15,1,1,-2,0,-7,-1
1456704190000894,3,-1,0,-1,-3,-1,0,6
1456704190000894,-10,-2,0,2,1,1,-5,-6
1456704190010019,19,-1,-1,-2,-1,-2,-11,14
1456704190010019,2,0,-2,-4,-2,-2,3,-3
1456704190023022,-5,0,28,1,0,2,-1,0
1456704190023022,-1,-3,-19,-1,0,0,-4,-1
1456704190031896,1,-1,3,0,-1,0,-4,-3
1456704190031896,-6,10,11,0,0,2,-4,1
1456704190045109,5,-14,6,-1,-3,-2,-4,3
1456704190045109,2,4,-4,-3,-3,-5,7,-4
1456704190055007,-3,-15,-1,-1,-1,-1,-7,-6
1456704190055007,8,17,-3,-1,-2,-2,0,3
1456704190060877,-11,-3,-9,0,-2,0,-2,-3
1456704190060877,3,-11,6,-1,-1,-1,14,8
1456704190077335,-6,9,-7,0,-1,-1,0,-2
1456704190077335,-2,-2,3,-3,0,-4,-6,-16
1456704190082557,-15,6,-8,1,-2,-2,-8,11
1456704190082557,4,-23,-3,-2,-2,0,11,-1
1456704190092336,7,10,9,-4,-4,0,2,3
1456704190092336,3,-5,-8,-2,-2,-1,0,-2
1456704190105606,5,4,-11,-1,-3,-3,-10,-9
1456704190105606,0,4,5,1,0,0,8,-1
1456704190114337,-8,-13,-14,1,-1,-1,19,3
1456704190114337,3,2,-11,-1,-3,-2,1,-1
1456704190120606,2,4,14,-2,-1,-3,3,0
1456704190120606,-12,-6,-6,0,-2,0,-12,-3
1456704190129338,3,-5,6,0,0,-1,-9,-10
1456704190129338,-10,-3,-7,-2,0,-1,4,8
1456704190142551,1,1,-1,0,1,0,7,-2
1456704190142551,-2,9,10,0,0,0,-8,-2
1456704190152339,2,13,-2,-3,-3,-1,0,-1
1456704190152339,-4,-17,-1,0,0,0,-6,0
1456704190165772,13,-7,-6,-3,0,2,12,7
1456704190165772,-7,-3,14,3,0,-2,-7,0
1456704190174563,6,-1,2,-7,-4,-2,-6,-7
1456704190174563,-11,-2,-11,0,-3,0,0,-6
1456704190180072,-5,-13,-13,-2,-2,-3,1,-6
1456704190180072,2,-10,-6,-3,-2,-2,-4,4
1456704190189072,-2,18,22,3,0,-2,-14,-4
1456704190189072,-12,5,12,-1,1,0,15,-15
1456704190202071,30,5,-12,-1,-1,-3,-7,12
1456704190202071,7,-4,-8,-3,-2,0,-5,-7
1456704190212072,-14,-23,-9,-4,-3,-4,-5,-14
1456704190212072,7,0,-5,-7,-4,-2,-2,16
1456704190225078,-14,1,1,2,3,-1,5,-11
1456704190225078,7,8,2,3,0,-1,-5,7
1456704190234073,15,7,-6,-2,0,-2,-3,-12
1456704190234073,-6,-15,-6,1,0,-2,-4,5
1456704190240074,-7,-7,0,-2,0,-1,-3,-4
1456704190240074,-10,3,-4,-3,-4,-4,-19,-5
1456704190249074,2,-1,-2,2,0,0,26,10
1456704190249074,-4,-4,7,0,-3,-4,-7,1
1456704190262585,-4,-1,1,-2,0,-3,-1,-3
1456704190262585,-1,0,-5,-1,0,1,-5,-8
1456704190272587,-9,1,4,0,-1,0,-6,6
1456704190272587,9,9,-23,0,-3,0,16,3
1456704190285090,-6,4,0,0,-3,-1,2,4
1456704190285090,-10,-13,1,-1,-3,-2,5,-5
1456704190294091,7,-1,-6,-1,-1,-1,-13,3
1456704190294091,9,1,8,-1,1,0,-5,2
1456704190300092,-14,-1,-7,0,-2,0,-5,-12
1456704190300092,-9,-7,-5,-6,-4,-2,15,7
1456704190309092,-14,-11,-7,0,-1,1,6,1
1456704190309092,6,-3,4,-2,-1,-3,-9,-7
1456704190322290,5,-3,-4,-1,1,-1,-2,5
1456704190322290,1,14,6,3,1,0,-7,-5
1456704190332093,0,-10,-6,-2,-4,-3,-5,-21
1456704190332093,-4,4,2,-2,-1,0,2,12
1456704190354339,-5,-4,9,0,-2,-1,-13,-1
1456704190354339,6,2,-29,-2,-1,-1,-6,-2
1456704190356094,-11,-11,9,2,0,-1,21,-4
1456704190356094,1,7,8,-1,-2,0,-7,-11
1456704190360984,4,-4,-4,-1,-3,-1,4,2
1456704190360984,2,-4,8,-2,-4,-4,-2,2
1456704190369988,8,16,-5,-3,-3,-1,-9,5
1456704190369988,-22,-14,2,-1,-1,-2,-9,-5
1456704190381996,-8,3,-3,-2,0,-1,8,-2
1456704190381996,11,-6,6,-1,-2,-1,-2,2
1456704190392080,2,-6,-1,2,1,-1,-6,-16
1456704190392080,9,6,-3,-4,0,-3,-2,6
1456704190406080,-10,-20,-6,-2,-3,-2,-4,0
1456704190406080,-1,15,4,-1,0,0,-2,-21
1456704190413998,12,4,7,0,-1,2,-2,14
1456704190413998,-3,-3,-3,3,-1,-2,-14,-21
1456704190421077,6,3,-2,-2,-2,0,7,15
1456704190421077,-9,2,3,0,1,0,-3,1
1456704190430001,-6,-10,-7,-4,-2,-1,-9,-14
1456704190430001,-6,7,5,-2,-2,-3,3,10
1456704190442284,6,-8,4,-3,-1,-1,-13,-8
1456704190442284,-4,-6,-1,-1,0,-1,13,2
1456704190453000,-1,6,3,-3,-1,-1,-3,6
1456704190453000,-26,-7,-6,-2,-2,-1,1,-2
1456704190465821,-1,-6,-4,-3,-2,-3,0,-14
1456704190465821,2,4,4,0,-1,-1,0,10
1456704190475001,-8,-13,-8,-2,-3,-2,0,5
1456704190475001,8,4,-1,-5,-1,-1,2,-6
1456704190489013,0,10,2,1,1,-1,3,12
1456704190489013,-14,-17,-6,-1,-1,-1,-2,-3
1456704190491007,12,7,-2,0,0,-3,-2,1
1456704190491007,-7,-3,-7,-3,-1,-1,-3,-11
1456704190503008,7,2,4,0,1,0,2,5
1456704190503008,-8,-1,-5,-4,-4,-4,1,-5
1456704190512009,-6,-10,-7,-2,-2,-1,-3,2
1456704190512009,8,-6,6,1,-1,-1,1,4
1456704190526010,-5,7,0,-2,0,-1,1,-7
1456704190526010,1,7,2,-2,-4,0,-6,-8
1456704190534071,-4,-11,-1,-4,0,1,0,24
1456704190534071,-2,-4,-6,-4,-1,-1,0,-25
1456704190549012,14,5,4,2,-2,-2,2,5
1456704190549012,1,1,1,9,5,-3,-5,-8
1456704190551012,-8,7,3,-2,-3,-1,1,-11
1456704190551012,2,-5,-14,-9,-6,-3,-1,22
1456704190562808,7,0,17,4,2,0,-3,-5
1456704190562808,-10,15,-5,6,4,0,-2,-12
1456704190572810,20,-2,5,-6,-4,-3,-2,0
1456704190572810,-54,-7,-16,3,1,-1,-3,0
1456704190586076,8,-4,-17,-2,-1,1,11,8
1456704190586076,35,-6,13,-4,-3,1,-5,-8
1456704190594816,-14,15,14,6,2,-1,1,-10
1456704190594816,-1,-10,9,0,-3,0,-2,-3
1456704190610071,4,-1,-12,-6,-7,-4,-7,7
1456704190610071,-20,-1,3,-2,0,1,-2,8
1456704190611817,13,0,-6,-2,-2,-1,2,2
1456704190611817,14,-8,13,3,1,0,-3,-2
1456704190623102,-19,5,-3,3,1,-2,-1,-9
1456704190623102,-2,-14,-6,-3,-4,-2,3,8
1456704190632819,-13,4,-2,-3,-1,-1,-7,-6
1456704190632819,9,14,-2,2,-1,-1,-3,-1
1456704190645820,-4,-17,-2,-6,-5,0,-2,-3
1456704190645820,-3,-2,-7,-6,-4,-3,-1,-1
1456704190654820,-13,-2,-6,1,1,0,-4,1
1456704190654820,9,-4,1,1,1,-2,-2,-1
1456704190669618,-6,3,-3,-2,-2,-1,1,-14
1456704190669618,10,-2,1,-4,-4,-2,-21,10
1456704190671615,-13,4,-5,0,-1,0,32,-8
1456704190671615,16,-9,0,-1,-1,1,2,-1
1456704190682702,-8,-3,1,-1,-1,-3,-8,-2
1456704190682702,-6,5,-5,-7,-3,-3,-5,-20
1456704190692411,0,-8,-6,2,1,0,-22,15
1456704190692411,2,2,-2,-3,-2,-3,6,-65
1456704190705418,-2,-4,0,-2,-2,-1,-8,26
1456704190705418,-14,4,-1,5,1,0,3,-13
1456704190714412,27,-2,-7,-4,-5,-2,28,34
1456704190714412,12,6,6,1,1,-2,-25,-21
1456704190729414,-39,-8,2,-5,1,-1,23,10
1456704190729414,13,-2,2,-2,0,-1,5,15
1456704190731413,-9,8,1,1,-3,-4,-20,-24
1456704190731413,12,-9,-4,-2,-1,1,4,17
1456704190742420,-5,3,9,0,0,-1,-5,-15
1456704190742420,4,5,1,0,-1,0,-2,-1
1456704190759414,-28,1,7,0,0,-2,-1,-11
1456704190759414,3,6,-8,-2,-1,0,1,29
1456704190765921,3,6,-3,1,-1,-1,-3,-17
1456704190765921,-3,-21,-2,-2,-2,-1,13,7
1456704190774992,4,-2,1,-1,1,-3,-19,-17
1456704190774992,-13,6,-4,-1,-1,-1,3,5
1456704190789942,1,-10,-2,0,-2,-1,-1,1
1456704190789942,4,0,-4,-1,-2,-1,-2,0
1456704190791944,3,3,-3,-2,1,-3,0,1
1456704190791944,-10,-15,-5,-8,-4,-3,1,6
1456704190802970,15,5,-6,0,1,-1,1,3
1456704190802970,-11,-3,4,4,3,2,-7,-17
1456704190812709,-3,-4,-5,-8,-8,-1,3,23
1456704190812709,29,15,6,5,4,1,10,29
1456704190825942,-17,-13,-5,-8,-8,-3,-9,-14
1456704190825942,-1,-2,-6,-2,1,0,0,-1
1456704190842713,-6,-1,-2,2,3,1,-4,-9
1456704190842713,-11,-5,-1,-2,-4,-4,-3,-2
1456704190849713,10,-1,-8,1,1,-1,-6,-3
1456704190849713,0,1,-5,-4,-2,-1,8,15
1456704190851713,6,3,2,0,-1,-1,0,-10
1456704190851713,-44,8,19,0,-4,-1,-2,-1
1456704190862754,31,7,-26,0,-1,-2,-5,4
1456704190862754,-6,-2,-4,-2,-3,-2,-1,5
1456704190872765,-6,-16,1,0,-1,-2,-13,-10
1456704190872765,7,-9,-8,-4,-3,-3,-13,31
1456704190885675,-3,-7,10,2,2,3,26,-5
1456704190885675,14,10,-4,-2,-2,-1,-1,13
1456704190894679,19,1,-3,-1,-3,-2,-9,2
1456704190894679,-46,-3,-2,0,1,0,-6,-13
1456704190909672,-4,8,5,-2,-2,0,-7,-3
1456704190909672,8,-10,5,-2,-3,-3,1,-9
1456704190911452,-9,-1,3,-3,-2,-1,-3,4
1456704190911452,4,-13,-11,-2,-1,-4,2,-18
1456704190922665,5,-2,-3,-2,-2,-3,0,-6
1456704190922665,-16,4,6,7,2,0,6,-9
1456704190932482,8,4,-7,-9,-5,-1,0,3
1456704190932482,8,0,-4,3,0,0,3,1
1456704190945454,-11,3,6,-1,-2,-1,-2,-3
1456704190945454,4,-10,-3,-2,-1,-3,-20,-5
1456704190954456,-1,-8,14,3,1,0,8,6
1456704190954456,12,3,-18,-4,-2,1,14,-12
1456704190969786,-6,-1,1,-1,1,-1,-24,-1
1456704190969786,3,6,2,-4,-5,-1,27,6
1456704190971782,-5,-10,-2,-1,-2,-2,10,-6
1456704190971782,4,2,1,-5,-5,-2,6,-2
1456704190982756,-6,-4,0,0,0,-3,-4,-3
1456704190982756,-4,7,-5,-3,-1,-1,-14,-2
1456704190992757,-6,-13,-8,-1,-2,-2,-3,-8
1456704190992757,8,4,9,1,0,-1,-6,-4
1456704191005757,-3,-3,-2,-1,-4,-1,1,0
1456704191005757,0,-2,1,-3,-3,-3,-2,10
1456704191023044,4,-4,-12,-1,-1,1,1,-4
1456704191023044,-4,14,-4,-1,-2,-1,-3,2
1456704191029758,-7,-5,4,-2,-1,-2,-3,-2
1456704191029758,-6,-3,-7,-3,-2,-1,1,-3
1456704191031761,5,0,7,2,1,-2,-4,-7
1456704191031761,8,-6,1,-3,-1,-3,-16,1
1456704191042759,-27,7,-7,-3,-2,-2,34,3
1456704191042759,7,-16,-17,3,2,3,-7,6
1456704191052980,-7,4,-3,-6,-3,-3,2,2
1456704191052980,-2,-3,5,-1,0,-3,-5,-8
1456704191065709,12,-2,-8,-4,-3,-1,-9,-2
1456704191065709,-10,-13,1,1,2,-2,-9,-13
1456704191075048,-3,7,6,-2,-4,1,6,13
1456704191075048,-6,-4,-21,0,-1,-1,2,4
1456704191089476,1,4,-17,-6,-2,-1,0,-9
1456704191089476,1,7,10,-1,-2,-4,-6,1
1456704191091206,8,-4,-5,3,1,0,-8,-8
1456704191091206,-1,-1,6,0,-1,-1,2,-1
1456704191102426,5,-8,2,0,0,-1,-9,-6
1456704191102426,-4,5,-4,-2,-2,-2,6,0
1456704191112207,-1,11,-4,0,-1,-1,-1,-5
1456704191112207,-18,-13,3,-2,-2,-1,-3,-2
1456704191125437,7,-5,1,-2,-2,-1,1,0
1456704191125437,1,-7,2,-4,-4,-2,-4,-6
1456704191134209,-5,0,2,2,1,-2,8,3
1456704191134209,11,3,-1,-4,-3,0,-2,7
1456704191148212,-13,-6,3,2,-1,-2,-14,-6
1456704191148212,-3,3,-2,-4,-3,-5,9,-7
1456704191155546,-10,-6,0,-2,0,-2,-6,-17
1456704191155546,0,8,-12,0,1,-1,9,7
1456704191162737,2,-5,5,0,-2,-1,-10,4
1456704191162737,6,15,10,0,-1,0,1,4
1456704191172736,-12,-15,-14,-3,-1,-2,-6,-4
1456704191172736,1,-6,5,0,0,-2,2,-5
1456704191185850,13,4,6,1,-1,0,-2,-4
1456704191185850,-6,-10,-3,-2,0,-2,-6,3
1456704191194565,-4,13,-8,0,-1,-1,-3,4
1456704191194565,8,-16,1,0,0,-2,-4,-17
1456704191207856,35,15,0,1,0,0,-2,12
1456704191207856,-52,-15,-9,-3,-4,-3,-7,-2
1456704191217566,2,-9,-3,-2,-1,1,9,-3
1456704191217566,0,10,6,-1,-1,-1,19,2
1456704191222573,-15,-7,9,-1,0,-3,-1,-6
1456704191222573,12,11,6,0,-1,-1,-1,-5
1456704191232568,-3,-6,1,-2,-2,-1,-9,2
1456704191232568,-2,-1,5,-1,-1,-1,-4,3
1456704191245579,-2,-3,0,-4,-5,-1,-5,-1
1456704191245579,4,-6,-9,-4,-3,-3,2,-3
1456704191254568,-16,-1,9,-1,-1,-2,-3,1
1456704191254568,14,16,-14,-3,0,-1,-5,-4
1456704191268094,-4,-13,-10,-3,-2,-1,-3,9
1456704191268094,-7,-15,-3,2,0,-1,-4,-4
1456704191277404,5,-12,-11,-5,-1,-1,1,-5
1456704191277404,-6,0,3,-2,-2,-3,-10,-6
1456704191282734,-5,15,0,0,1,1,29,0
1456704191282734,3,-1,-1,-1,-3,-1,0,5
1456704191292404,5,-2,1,2,-2,-2,-6,1
1456704191292404,-1,-4,-2,-2,-1,-1,-10,-7
1456704191305405,-4,10,-4,-2,-1,-1,-8,0
1456704191305405,19,-7,7,0,1,5,30,3
1456704191314407,-4,-4,14,2,-1,-3,3,8
1456704191314407,5,-1,1,-2,-2,-1,-8,-3
1456704191327693,-9,-4,-3,0,1,0,-2,4
1456704191327693,-4,0,-3,-4,-3,0,-7,-15
1456704191337407,-3,7,-3,-4,-2,1,-3,4
1456704191337407,1,-14,-1,0,-2,-3,3,-8
1456704191342414,-7,1,0,-1,0,1,-5,8
1456704191342414,-4,16,-11,0,-2,-2,-4,0
1456704191352408,14,-5,9,2,4,0,-16,-4
1456704191352408,-12,-14,-6,-5,-4,-3,-2,-8
1456704191365928,-6,6,15,0,-1,-2,8,5
1456704191365928,7,1,-25,-3,1,-1,-3,1
1456704191374429,-23,0,-8,-1,-4,-3,-7,-8
1456704191374429,0,-10,6,4,1,1,7,9
1456704191389079,-7,0,26,1,-2,-2,-10,-10
1456704191389079,5,-2,-11,-5,-5,-2,-4,5
1456704191395763,6,12,-6,-2,0,-2,1,5
1456704191395763,-4,9,3,3,-2,-2,-17,0
1456704191412082,-5,-37,-19,-3,-3,-1,34,-9
1456704191412082,-17,4,6,-1,1,-1,-19,-1
1456704191413765,10,0,0,-1,-2,-2,6,-6
1456704191413765,2,13,0,-1,-3,1,-4,-1
1456704191426080,-4,5,-8,-3,1,-2,-14,4
1456704191426080,16,-12,6,-1,-3,-3,2,-7
1456704191434765,-3,-5,-6,-3,-1,-1,1,1
1456704191434765,4,-11,2,0,0,-3,-2,-6
1456704191449076,4,8,-8,-1,0,0,0,-2
1456704191449076,-4,1,3,1,-2,-4,-11,1
1456704191462565,-10,2,-4,-2,1,0,5,-9
1456704191462565,11,5,-5,-3,-3,2,9,10
1456704191472065,-2,1,-3,-1,-2,-3,-7,-13
1456704191472065,2,2,4,-1,-1,-1,3,15
1456704191473565,0,1,1,1,1,0,-3,3
1456704191473565,-12,0,-3,-1,0,-1,-1,-6
1456704191485875,-2,-11,-6,-1,-1,-1,-2,4
1456704191485875,14,11,15,1,-1,1,0,1
1456704191502574,5,-12,-13,-1,-2,1,-1,-8
1456704191502574,-16,11,-22,-1,-1,1,4,3
1456704191507857,8,3,19,1,-3,-3,-10,-3
1456704191507857,-12,-3,-10,-3,1,-1,0,-3
1456704191517577,10,-3,11,-2,-4,-2,-3,-2
1456704191517577,1,5,1,0,0,-2,1,12
1456704191531576,-4,-11,-14,-4,-2,-3,-7,-14
1456704191531576,12,4,-1,-1,-1,0,1,11
1456704191533576,-19,5,-5,0,-1,-1,8,-12
1456704191533576,-8,-13,3,-4,-1,-1,-5,4
1456704191545590,-2,8,1,2,1,0,3,-1
1456704191545590,5,-4,1,2,0,-1,0,-1
1456704191554808,2,0,-6,-6,-4,0,-8,4
1456704191554808,1,1,9,-3,-2,-3,1,-18
1456704191567999,-2,-14,-11,-2,-1,-2,-2,-2
1456704191567999,-6,1,-2,1,1,-3,-3,-10
1456704191578006,9,1,5,6,0,-1,-4,6
1456704191578006,-18,8,-4,3,3,1,1,8
1456704191592000,-10,-4,-4,-6,-8,-5,-2,18
1456704191592000,-12,-22,-6,-7,-4,-1,-3,-20
1456704191593999,-3,8,-7,-10,-7,-8,-7,-9
1456704191593999,21,-18,15,4,1,-1,0,1
1456704191605997,-1,24,2,16,8,3,2,-16
1456704191605997,8,-8,-13,-21,-12,-6,3,14
1456704191613996,4,-11,16,4,2,0,-5,-6
1456704191613996,-3,-1,-27,-7,-3,-1,3,-3
1456704191627997,-1,-15,-4,-1,1,1,-5,10
1456704191627997,-9,-3,13,4,3,0,0,-5
1456704191637976,23,-1,2,0,2,-1,-3,0
1456704191637976,2,16,12,4,0,-1,2,2
1456704191651995,1,-6,7,1,3,3,18,-1
1456704191651995,0,-10,-1,-4,-7,-4,-12,0
1456704191653994,11,3,-9,-6,-3,0,12,2
1456704191653994,-39,-12,-2,-4,0,-4,-10,2
1456704191665783,5,25,5,-2,0,-2,-5,0
1456704191665783,-23,-1,2,2,2,1,-4,-9
1456704191674721,1,-16,-5,0,0,1,1,4
1456704191674721,8,1,-4,-4,-2,-2,-2,-1
1456704191687421,7,-7,-9,-7,-5,-3,-3,-2
1456704191687421,-8,14,0,7,3,1,0,3
1456704191697212,-14,-7,-5,0,-2,0,-4,-10
1456704191697212,21,0,-2,-1,-1,1,8,10
1456704191711498,7,-2,-4,-3,-5,-3,-13,-15
1456704191711498,-1,-6,-1,4,0,0,10,15
1456704191713214,-15,4,0,-2,-2,0,17,9
1456704191713214,1,-1,3,-1,-2,-6,-17,-14
1456704191725514,-5,-6,-2,-2,1,0,-5,-5
1456704191725514,8,7,-2,2,0,-2,-7,-8
1456704191734214,-4,4,-3,-1,-1,2,6,6
1456704191734214,-18,-1,-2,-4,-3,-1,-13,-32
1456704191747217,5,-4,-4,-4,-3,-2,30,19
1456704191747217,-12,5,-2,1,-1,-1,-7,29
1456704191757215,-7,-5,-2,1,0,-3,-11,-26
1456704191757215,12,-4,0,4,0,3,7,44
1456704191771737,-11,-6,-6,-8,-6,-4,-14,-15
1456704191771737,-8,-3,-5,-5,-3,-1,-7,-20
1456704191778041,30,7,4,2,1,-2,-8,9
1456704191778041,4,-1,5,-3,-4,-1,12,-13
1456704191785332,-6,-8,0,4,1,-1,-7,-2
1456704191785332,8,11,36,4,3,1,7,4
1456704191794067,-12,-1,-43,-9,-3,-1,-6,-4
1456704191794067,0,-17,-7,-3,-3,-2,-1,-13
1456704191808065,-2,0,-3,-3,-2,1,-4,7
1456704191808065,2,-4,1,0,-2,-1,0,-10
1456704191817041,-6,4,9,1,1,0,3,4
1456704191817041,1,-4,-4,-2,0,0,-2,6
1456704191832075,-20,-1,-3,-1,-2,-3,-3,-5
1456704191832075,4,-9,-12,-2,-2,-2,3,9
1456704191833042,-4,2,1,-1,-1,-2,-5,-6
1456704191833042,-3,5,4,-1,-3,0,1,-5
1456704191846045,-9,2,0,0,-1,-3,-15,-5
1456704191846045,32,0,-11,0,3,1,12,3
1456704191854043,-5,-11,3,-9,-12,-7,-23,10
1456704191854043,-7,-3,-1,-2,-1,-1,6,1
1456704191867559,0,4,-5,-2,0,-1,2,-2
1456704191867559,-2,-3,-6,0,-1,-2,-7,-14
1456704191877052,-8,5,6,1,3,-2,-10,2
1456704191877052,0,-11,-3,-1,0,-1,-8,0
1456704191891346,6,-4,-4,-3,-2,1,2,-1
1456704191891346,-9,3,-3,-3,-2,-1,-5,-2
1456704191893059,-1,-4,-2,1,0,-1,4,0
1456704191893059,-3,10,5,-2,-3,-3,-4,-7
1456704191905349,5,-7,11,0,-1,-1,1,0
1456704191905349,8,10,-11,-1,-2,-1,-1,-7
1456704191914062,0,0,-4,1,2,0,7,11
1456704191914062,0,-16,-18,-2,-1,-6,-7,-41
1456704191928083,16,2,7,3,2,4,9,26
1456704191928083,-6,-3,1,-1,-1,-1,-6,-5
1456704191937127,-3,19,-7,1,-2,-2,5,-15
1456704191937127,-8,-22,-3,-1,-1,1,3,31
1456704191951065,9,-11,-3,-3,-2,-4,-34,-11
1456704191951065,-4,-10,-9,-1,-1,-1,13,-9
1456704191953064,2,11,4,0,-2,1,1,3
1456704191953064,-17,7,1,1,1,2,9,5
1456704191965853,-10,-4,-6,-6,-4,-3,-13,-9
1456704191965853,-3,-4,1,-1,0,-1,2,5
1456704191974354,-3,-12,0,0,1,0,-5,-5
1456704191974354,12,13,6,0,1,-1,-4,-1
1456704191987646,6,3,-6,-3,-4,-1,10,-12
1456704191987646,-13,-1,1,0,-1,-1,-8,-11
1456704191997370,12,-4,1,-1,-3,-3,9,12
1456704191997370,-6,-1,2,0,-1,-1,-13,-10
1456704192011654,0,0,-20,0,1,0,2,5
1456704192011654,5,19,21,3,-2,-3,22,-10
1456704192013370,-7,-13,-15,-4,-2,-3,-9,-6
1456704192013370,-1,-23,2,1,-2,-3,2,10
1456704192025704,-10,15,8,-5,-4,-4,-8,-8
1456704192025704,2,-16,-4,-5,-2,0,-5,-1
1456704192034370,-17,2,4,-1,-1,-1,2,2
1456704192034370,7,9,-5,0,0,0,1,0
1456704192047372,1,4,2,3,1,1,-6,-1
1456704192047372,-12,1,-4,-2,-1,-2,-3,5
1456704192057372,0,-14,2,0,-1,1,9,0
1456704192057372,-2,-2,-4,-4,-3,-2,-14,-9
1456704192071941,-5,-9,3,0,-2,-2,24,-1
1456704192071941,11,8,-3,-3,-1,0,-4,23
1456704192073941,-27,-1,0,-5,-4,-4,0,-15
1456704192073941,12,-13,-1,-3,-3,-2,6,0
1456704192085881,6,2,-2,-4,-4,-3,-18,9
1456704192085881,-15,-14,-6,-3,-3,0,8,-19
1456704192094878,5,13,2,3,0,-1,5,5
1456704192094878,5,6,5,-1,0,-1,-4,2
1456704192107841,-31,-8,-12,0,-1,-2,-4,-7
1456704192107841,5,-2,-4,-1,0,-4,-6,1
1456704192117653,0,-3,0,1,1,-2,-9,1
1456704192117653,-5,0,6,-3,-1,1,4,-2
1456704192131627,24,8,5,4,1,0,5,3
1456704192131627,-49,-4,-4,-2,-2,0,-4,-8
1456704192133654,13,8,-1,-1,0,0,3,4
1456704192133654,4,-1,-1,2,0,-1,-4,-1
1456704192145619,-7,-19,1,-2,-2,-1,7,-3
1456704192145619,8,10,1,-2,-2,-2,-7,-2
1456704192154861,9,1,0,-3,-2,-1,-4,-3
1456704192154861,-8,-4,-4,-3,-5,-1,-9,-5
1456704192167867,1,2,5,2,2,-1,9,21
1456704192167867,20,-1,0,-6,-3,0,-7,-6
1456704192177869,-12,-12,-2,2,2,1,0,2
1456704192177869,0,7,-2,-3,-2,-3,-5,5
1456704192191980,4,6,-1,-2,-2,-4,-14,2
1456704192191980,6,-1,-4,1,1,2,29,-7
1456704192197995,7,0,0,-1,-1,-2,-6,3
1456704192197995,-2,-6,10,1,0,-4,2,-5
1456704192205976,-5,-1,-19,-2,0,0,-9,-5
1456704192205976,-1,-3,-1,-1,-2,-3,-14,5
1456704192213980,1,-2,1,-2,0,2,2,-8
1456704192213980,-3,15,2,-1,-1,-1,6,8
1456704192227945,1,-10,0,-2,-1,-1,2,-9
1456704192227945,-4,-7,-1,-1,-4,-4,-9,0
1456704192237946,16,4,-5,-3,-3,-2,1,-7
1456704192237946,-4,3,10,0,-1,0,-4,0
1456704192250879,0,9,-19,-2,0,0,11,-5
1456704192250879,2,-21,8,-1,0,-2,-4,-2
1456704192258882,-22,-4,2,0,-2,-1,-5,-1
1456704192258882,0,-2,-5,0,-3,-2,7,-10
1456704192265899,0,4,6,0,1,2,-9,-6
1456704192265899,7,-4,13,1,1,-2,-3,-1
1456704192274400,2,-3,-25,-5,-5,-4,-21,-5
1456704192274400,1,11,1,-2,-1,2,34,-2
1456704192287855,3,-1,7,-2,-2,-3,-3,-7
1456704192287855,-3,-3,-8,-2,-1,0,-14,6
1456704192297888,-3,-13,7,-3,0,-1,-1,-11
1456704192297888,5,1,-5,2,-1,-2,-10,1
1456704192311882,-7,-11,-1,-4,-3,0,6,-1
1456704192311882,3,9,0,2,2,2,-5,2
1456704192317850,-13,-3,0,-4,-3,-2,3,1
1456704192317850,-1,2,-11,-4,1,0,-5,-2
1456704192325888,2,-2,3,-1,-3,0,5,-2
1456704192325888,-13,3,-3,-3,-3,-4,-10,-10
1456704192334621,1,0,3,1,-1,-1,8,0
1456704192334621,1,-8,-1,0,-1,0,3,11
1456704192347624,-9,-10,-1,-1,0,-3,-12,-2
1456704192347624,4,3,-8,0,-1,1,9,-2
1456704192357623,-1,10,6,0,-1,-2,0,-1
1456704192357623,-2,-11,-6,-1,0,0,-10,0
1456704192371687,-8,0,12,0,-4,-2,5,-6
1456704192371687,-7,-4,-1,-3,-1,-3,-2,7
1456704192377956,4,3,-30,-4,0,2,-6,1
1456704192377956,1,-13,4,-1,-1,-1,18,-2
1456704192394973,3,10,5,1,0,-2,-14,-1
1456704192394973,-18,-9,-6,-4,-3,-1,1,-11
1456704192395964,3,-8,7,0,-3,-3,-2,5
1456704192395964,0,1,-2,0,0,-1,-8,0
1456704192407964,4,0,-7,-6,-2,-2,1,-2
1456704192407964,-11,-5,-3,-1,-2,0,1,-18
1456704192416971,32,2,5,0,2,-1,-5,15
1456704192416971,-1,11,-2,-5,-4,-2,1,-3
1456704192430966,2,5,3,-1,1,-1,4,-5
1456704192430966,-1,-24,-5,1,0,-2,-5,1
1456704192438014,-17,-9,18,-1,-3,-2,-5,-16
1456704192438014,0,1,-15,-1,-1,-2,-6,-4
1456704192455047,5,6,-5,0,0,-1,1,1
1456704192455047,5,8,1,-1,-1,-1,0,12
1456704192455968,-2,1,3,1,0,0,2,-23
1456704192455968,5,-1,-1,-1,-1,-1,-12,18
1456704192468010,-1,-8,-1,-1,-2,-2,0,2
1456704192468010,5,5,-6,-4,-2,-2,-4,3
1456704192477768,-9,-1,1,1,1,2,-6,10
1456704192477768,1,10,-1,-1,-1,-4,-5,-10
1456704192492040,-8,-14,-5,-3,-3,-1,-7,-7
1456704192492040,15,8,-2,-2,-3,-3,0,14
1456704192497776,-5,1,-2,0,0,-2,-1,-4
1456704192497776,-7,10,-2,-1,-2,-1,-10,-5
1456704192514776,-11,-25,2,1,0,1,2,3
1456704192514776,16,1,-7,-4,-1,-2,1,-3
1456704192516776,-2,-5,4,-3,-3,-1,3,1
1456704192516776,-6,1,-13,-5,-1,-2,-1,1
1456704192529002,-3,5,0,0,-2,-2,5,-11
1456704192529002,-4,0,1,0,0,-1,-1,2
1456704192537777,5,0,-6,-2,0,0,3,0
1456704192537777,-20,-6,7,0,1,0,-2,-1
1456704192552041,0,1,-12,-5,-3,0,1,-3
1456704192552041,-1,-7,2,1,0,0,-1,0
1456704192557779,-7,4,1,0,0,1,0,12
1456704192557779,15,-3,-2,-1,-1,-2,-1,-7
1456704192574803,-1,3,3,0,2,-1,0,0
1456704192574803,-4,5,8,4,1,-1,2,11
1456704192576304,-6,-8,-12,0,-1,-4,2,-10
1456704192576304,8,-13,2,-7,-6,-3,-4,-15
1456704192587939,-4,0,-2,-1,-2,-1,0,7
1456704192587939,5,-3,1,-2,-2,0,1,-15
1456704192596811,-7,27,3,-1,-2,-2,0,0
1456704192596811,-3,-30,-5,3,-1,-4,-6,-4
1456704192611966,4,9,4,2,2,2,4,-4
1456704192611966,3,9,4,2,1,0,0,8
1456704192617931,-10,-28,-35,-21,-14,-7,-4,3
1456704192617931,9,4,13,3,2,2,1,0
1456704192635040,-23,0,-5,3,-1,-2,-2,0
1456704192635040,-8,12,-3,5,1,-1,-4,-1
1456704192636814,11,-16,-16,-5,-1,-1,6,-8
1456704192636814,-21,-9,-15,-12,-4,-2,-1,1
1456704192647814,14,2,6,2,0,1,1,-5
1456704192647814,-18,-1,4,-2,-1,-2,-4,-6
1456704192657032,8,-5,12,5,1,0,0,6
1456704192657032,-1,15,-6,-1,0,3,9,13
1456704192671825,-8,0,19,1,-1,-1,1,-7
1456704192671825,5,-8,-6,-4,-4,-2,-8,-5
1456704192677326,-7,-10,5,2,0,0,17,-8
1456704192677326,0,1,-2,2,2,1,-2,5
1456704192694629,-1,4,-6,-3,-4,-3,-3,-10
1456704192694629,6,-6,-5,-5,-2,-2,-10,-12
1456704192696336,-5,-15,6,2,2,1,-7,-4
1456704192696336,-4,-5,3,0,-2,-1,6,11
1456704192707623,17,13,-4,-4,-3,-1,5,11
1456704192707623,-12,-8,-4,-4,-2,-2,5,-12
1456704192717339,-2,7,6,2,-1,-2,-10,1
1456704192717339,-6,10,1,0,-1,-3,-7,-27
1456704192730345,16,-4,-1,-1,-3,-3,-5,6
1456704192730345,-3,-2,-5,-1,1,3,9,28
1456704192739337,-6,6,6,1,1,1,3,4
1456704192739337,1,0,-8,1,-3,-2,-9,-14
1456704192754340,-14,-7,7,-1,-3,-4,-25,4
1456704192754340,2,4,-5,-3,-3,0,17,-32
1456704192756340,6,6,8,5,2,1,6,43
1456704192756340,33,-23,3,-3,-1,-1,-1,2
1456704192767849,-28,-2,-8,-1,2,0,0,12
1456704192767849,-2,-2,-1,-2,-4,-5,-20,-16
1456704192781869,-1,6,8,-1,-1,-3,-11,-11
1456704192781869,19,16,6,2,1,0,-3,-4
1456704192790947,-2,-17,9,1,1,0,3,-11
1456704192790947,-5,6,-19,-1,2,-2,1,-6
1456704192799935,15,3,20,-2,-3,-1,-1,-2
1456704192799935,-8,0,-5,-3,-2,-4,-5,2
1456704192814943,4,2,0,-3,-4,0,5,-4
1456704192814943,-15,-11,5,0,-2,-2,1,6
1456704192815964,-1,-3,-15,1,0,-1,-2,-14
1456704192815964,-10,8,-6,-3,-4,-2,-2,-1
1456704192827927,6,-7,-6,-3,-3,-1,0,13
1456704192827927,19,16,5,-1,1,-1,1,-6
1456704192837925,-9,-7,-4,-2,-1,-2,-10,4
1456704192837925,-14,-17,0,0,1,-1,3,-12
1456704192850959,-2,6,-8,-5,-5,-6,-5,-6
1456704192850959,0,-6,3,-1,-3,-4,-14,14
1456704192859958,-1,9,-1,1,0,2,9,-5
1456704192859958,-6,4,-2,-2,-1,-1,-1,7
1456704192874858,-4,-8,-5,-2,-1,-2,2,2
1456704192874858,-2,-5,1,-2,-3,-2,-11,2
1456704192876824,-5,0,-9,0,-1,-3,-16,-16
1456704192876824,5,-5,6,4,2,3,25,15
1456704192888568,5,-3,-6,-1,0,0,7,-2
1456704192888568,3,4,0,-4,-2,-1,6,-2
1456704192897309,-6,-11,-9,-2,-2,-1,-1,0
1456704192897309,-7,8,3,1,-2,-4,-10,-8
1456704192910535,5,-6,-4,-2,-1,-1,-3,2
1456704192910535,0,-5,-1,1,1,1,11,4
1456704192919310,5,-1,2,-3,-4,-4,-5,-3
1456704192919310,-6,5,-4,-1,-2,0,-3,-6
1456704192934601,-11,-5,-2,0,0,0,2,0
1456704192934601,16,-15,-10,-3,-3,0,-9,4
1456704192936312,-5,-1,4,-3,-3,0,19,-7
1456704192936312,14,11,-1,0,0,0,-11,13
1456704192947314,5,17,17,0,-2,-1,5,-2
1456704192947314,-6,-13,-19,-5,0,-2,-2,-1
1456704192957314,-11,-29,-16,-3,-3,-3,-7,2
1456704192957314,-1,2,-9,-3,-2,-2,-7,-9
1456704192970827,-6,-4,11,2,0,-1,15,-4
1456704192970827,-8,7,10,2,0,-1,-2,-2
1456704192980337,8,7,4,1,1,0,-9,-14
1456704192980337,-9,-8,-6,-2,-3,-5,-6,3
1456704192994337,3,3,-10,-4,-3,-2,7,-10
1456704192994337,-4,-9,3,1,0,0,3,2
1456704192996336,-3,6,-3,-1,-2,-3,0,2
1456704192996336,-5,1,-2,-2,-1,0,-7,5
1456704193008564,-7,-2,-9,-2,0,-3,-12,-14
1456704193008564,6,3,7,-1,0,1,23,-2
1456704193017337,7,-5,-2,0,-1,1,0,-5
1456704193017337,-21,-6,-3,-2,-3,-2,1,-2
1456704193030555,3,0,10,0,-3,-2,-12,-2
1456704193030555,-6,3,-11,-2,-2,-3,-4,-8
1456704193039338,-2,-3,2,2,-1,-3,-6,10
1456704193039338,-3,-7,1,-2,-2,-1,4,-5
1456704193054568,0,3,-2,-1,2,0,-3,-3
1456704193054568,-4,-1,1,-3,-2,-2,-7,11
1456704193056339,-6,12,-1,1,0,1,2,-1
1456704193056339,-10,-6,-5,-4,-2,-2,-6,-13
1456704193067930,9,-3,-3,-1,1,1,6,7
1456704193067930,-10,7,9,-2,-2,-2,-6,-2
1456704193077925,-2,-8,-23,-4,0,-3,2,-3
1456704193077925,-5,1,6,3,1,1,-9,13
1456704193090358,1,-2,0,1,-2,-1,-8,-14
1456704193090358,-6,3,-1,0,-2,-1,18,2
1456704193099352,1,12,11,0,0,3,5,2
1456704193099352,2,-9,5,-2,-3,-4,-13,-16
1456704193114353,-15,-1,-4,0,0,-1,0,-2
1456704193114353,19,-3,7,1,1,-2,-4,4
1456704193116353,9,15,4,-1,-3,-3,-10,-3
1456704193116353,-11,7,-4,2,2,1,10,6
1456704193129354,2,-21,-5,-4,-2,-2,-7,-5
1456704193129354,1,1,-6,-3,-3,-2,-5,-14
1456704193137355,11,-4,2,-1,0,0,0,2
1456704193137355,1,3,-2,-4,-2,-1,0,2
1456704193150358,-2,8,-3,-1,-1,-1,0,-5
1456704193150358,-11,-10,-3,-1,0,0,-10,-5
1456704193159357,-7,4,0,-1,-2,-1,4,10
1456704193159357,9,-1,1,1,1,2,14,8
1456704193173960,-18,-7,-5,-2,-3,-1,-2,15
1456704193173960,7,-2,-4,-1,-1,-1,0,-1
1456704193180387,-5,-3,2,0,0,-1,-10,-3
1456704193180387,-7,-6,14,0,2,-2,-11,-12
1456704193188595,12,7,-31,-5,-3,-1,2,-1
1456704193188595,-5,-2,0,-1,1,0,-5,-7
1456704193197388,6,0,-11,-2,-3,-3,-3,-2
1456704193197388,0,10,10,2,1,-1,-5,9
1456704193210634,-9,-4,4,-4,-2,-3,-9,-9
1456704193210634,-5,-11,-5,-2,-3,-2,-1,2
1456704193219389,2,5,-3,-1,-1,-1,-2,-9
1456704193219389,0,-19,-12,-4,-2,0,-4,-5
1456704193233675,2,8,5,-1,-1,-1,2,3
1456704193233675,10,0,-1,-1,-4,-3,0,10
1456704193240704,-13,-6,8,0,0,0,2,-13
1456704193240704,2,8,-7,0,-2,-1,14,2
1456704193248393,-9,-9,-3,0,0,-2,-18,3
1456704193248393,0,1,4,1,-2,1,-9,-3
1456704193257392,-9,-8,0,-3,-4,-2,2,-1
1456704193257392,-8,-1,-7,-3,-2,-1,7,-7
1456704193270405,12,-6,-4,1,0,-3,-7,-9
1456704193270405,-5,14,-3,-1,1,-3,-10,13
1456704193279261,2,-3,20,0,-1,-1,-1,5
1456704193279261,3,-1,-11,-1,0,0,-3,-15
1456704193293549,9,-2,0,-2,-2,-2,7,13
1456704193293549,-21,-3,-1,0,-2,-3,-6,-10
1456704193300555,-4,-2,-2,-2,1,-3,1,7
1456704193300555,6,3,14,1,0,-2,-2,-3
1456704193317264,-9,-13,-28,-3,-3,-1,-3,6
1456704193317264,-4,5,15,2,-1,-1,4,-4
1456704193319258,-3,14,-3,-3,-1,0,8,-7
1456704193319258,2,-9,-1,-2,-5,-3,-3,3
1456704193330259,-7,-18,2,-1,-1,-2,-3,-4
1456704193330259,2,-1,-7,-4,-2,-3,4,-2
1456704193339258,0,-2,-7,0,0,-1,-2,-11
1456704193339258,-3,14,-4,0,0,0,-7,-1
1456704193353266,7,11,10,1,1,0,8,0
1456704193353266,0,-15,-15,-3,-3,0,-20,-4
1456704193360267,4,4,11,0,-2,1,31,0
1456704193360267,-8,-14,-4,-1,-1,-3,-7,-2
1456704193377071,5,0,0,-3,-2,0,10,1
1456704193377071,-19,-4,0,-1,0,-2,-5,-8
1456704193378288,-3,-12,-13,-1,-2,-2,-14,4
1456704193378288,1,4,3,-1,-3,-1,2,-1
1456704193390504,-10,-2,-2,-3,-2,0,-1,12
1456704193390504,13,11,12,0,-1,1,-1,-21
1456704193399295,-6,-8,-4,-3,-1,-2,25,13
1456704193399295,10,-6,4,-4,-4,-1,6,-11
1456704193413298,-17,8,4,-1,0,-2,-10,-7
1456704193413298,-10,-3,7,-2,-3,-2,5,-1
1456704193420586,-10,8,-16,1,1,-2,-19,-7
1456704193420586,13,2,-5,0,0,2,0,14
1456704193444305,-1,-15,4,-3,-5,-2,-3,-11
1456704193444305,-4,4,-10,-4,-2,-2,-3,0
1456704193446306,-6,-11,10,-1,-2,-2,-7,-13
1456704193446306,-3,15,-6,0,0,-2,-16,1
1456704193450299,6,-7,-3,1,2,2,35,1
1456704193450299,-3,-2,2,-1,-1,-2,0,-2
1456704193459300,13,0,-2,-3,-1,-1,-11,28
1456704193459300,-10,3,-2,-4,-3,-5,6,-8
1456704193473935,5,8,0,1,1,-1,-15,2
1456704193473935,4,-4,-1,-1,-2,-2,3,4
1456704193480799,0,-20,-2,-3,-1,-1,-2,-7
1456704193480799,-6,-7,-1,-4,-1,-2,2,-2
1456704193496536,-4,0,-3,1,0,-2,-2,-5
1456704193496536,5,9,-6,0,-2,-1,7,3
1456704193498535,-1,11,9,0,-2,-2,-12,-14
1456704193498535,-7,-15,-5,-2,-3,-2,-5,0
1456704193510767,3,-6,9,0,-1,1,1,19
1456704193510767,-4,-4,-2,0,-2,0,2,0
1456704193519767,1,-14,1,-1,-1,-4,-6,-3
1456704193519767,-5,-2,-5,-1,0,-1,-1,5
1456704193533806,5,12,3,0,-1,-1,-2,-3
1456704193533806,-5,3,-1,-3,-1,-1,2,-18
1456704193542769,-5,-7,-7,-3,-4,-1,0,5
1456704193542769,8,5,-3,-3,-1,-1,-1,-16
1456704193556767,-3,-1,-3,-4,-5,-5,-10,-1
1456704193556767,12,-12,1,4,2,1,1,8
1456704193558767,-3,11,-6,-1,-2,0,-1,-16
1456704193558767,5,-8,-4,-6,-4,-1,0,1
1456704193570810,-26,-17,-3,-9,-4,1,-7,-11
1456704193570810,0,-6,6,6,3,1,6,0
1456704193578807,2,-3,-8,-6,-5,-2,-3,-1
1456704193578807,-2,2,3,1,0,1,2,18
1456704193593812,10,12,-2,-2,-2,-4,5,-6
1456704193593812,13,-2,2,-2,0,-4,-4,18
1456704193599818,-44,3,4,7,1,1,-5,-14
1456704193599818,-6,-11,-7,-4,-2,-1,2,-4
1456704193616932,-7,-3,-3,-1,-2,-1,-5,-10
1456704193616932,10,1,-4,-4,-3,-2,0,-3
1456704193618940,-8,3,-1,-4,-3,-2,0,2
1456704193618940,1,13,5,3,-2,-4,-6,9
1456704193630899,6,-1,0,6,4,-2,-3,-12
1456704193630899,-11,7,8,7,3,3,2,-7
1456704193639931,20,-27,-17,-15,-6,-2,-1,5
1456704193639931,-27,-7,-14,-5,-2,0,1,-7
1456704193653932,8,-12,-4,0,-2,0,-3,-5
1456704193653932,2,0,-3,1,1,-2,-9,20
1456704193660929,16,14,7,2,1,1,12,-17
1456704193660929,-20,-2,5,1,0,0,-3,-3
1456704193676824,-3,-4,3,-1,-1,-2,-12,8
1456704193676824,14,10,-8,-4,-4,1,37,-10
1456704193678824,-3,-5,0,1,1,-3,-24,7
1456704193678824,21,2,2,1,-1,-2,6,-6
1456704193690937,-18,2,-4,-2,0,3,-4,-11
1456704193690937,11,-6,-7,-7,-7,-3,-11,21
1456704193698904,-44,-3,-3,-2,-1,-2,-9,0
1456704193698904,17,3,0,1,-1,-2,-3,-16
1456704193713833,-11,-12,1,1,1,0,2,6
1456704193713833,10,0,-6,-2,0,-2,-1,-5
1456704193721001,22,10,6,1,-1,0,2,-3
1456704193721001,-12,-10,-1,-1,-1,-1,3,-8
1456704193737002,5,11,-3,-2,-2,-4,-9,9
1456704193737002,-9,-11,-9,-7,-4,-2,-2,-16
1456704193738835,-16,10,6,2,0,2,-3,-63
1456704193738835,2,-25,-26,1,3,3,0,63
1456704193750835,15,12,5,-2,-5,1,9,10
1456704193750835,-13,-4,-9,-4,-2,-3,-8,-7
1456704193759002,0,0,0,-1,0,-2,-4,14
1456704193759002,5,3,5,1,-1,-1,-4,-30
1456704193773847,-3,9,13,-1,-4,-2,3,-15
1456704193773847,0,-11,-19,-5,-3,-3,-20,20
1456704193780854,-2,8,-1,-2,-1,-1,6,0
1456704193780854,-4,-8,4,-2,-2,-1,0,-1
1456704193795864,3,-4,-22,0,0,1,5,1
1456704193795864,-11,4,6,-3,-3,-2,-5,-13
1456704193797854,10,-10,-7,0,1,-1,5,14
1456704193797854,8,8,6,4,1,3,-1,-4
1456704193820002,-2,8,0,-1,-2,-4,-9,-1
1456704193820002,-4,-13,0,-1,-1,0,2,-17
1456704193820855,8,-12,-5,-2,-1,-4,0,20
1456704193820855,-2,1,5,1,-1,-3,-12,9
1456704193832862,-7,3,3,1,2,6,18,-7
1456704193832862,5,4,0,-4,-4,-4,-6,-5
1456704193840997,7,0,3,2,0,-1,-3,35
1456704193840997,-3,4,3,0,0,-2,21,-12
1456704193856858,-4,-8,-3,-4,-2,-2,-5,-3
1456704193856858,-2,4,1,-1,0,0,0,-2
1456704193857857,3,-7,-2,-1,-4,-3,-12,-4
1456704193857857,-6,-2,-3,-2,-4,-3,-7,-10
1456704193870386,0,4,9,3,1,-2,-2,1
1456704193870386,-10,-6,-1,-1,-1,-1,1,2
1456704193878869,1,4,-3,-3,0,-2,3,-10
1456704193878869,-3,7,2,-1,-1,0,1,3
1456704193893994,-4,-27,-3,-5,-2,-3,1,3
1456704193893994,-8,1,2,-2,-1,-1,-7,-5
1456704193900995,4,12,7,3,1,1,8,-10
1456704193900995,5,-8,8,-4,-3,-2,-13,3
1456704193917054,6,7,-2,-1,-1,-2,-6,-19
1456704193917054,-3,17,0,1,2,1,-5,7
1456704193917878,-17,-27,-6,-3,-2,0,44,6
1456704193917878,4,3,-8,-5,-2,-1,-9,-4
1456704193929878,-2,-5,-8,-4,-2,-5,-7,-5
1456704193929878,-15,-5,6,0,-2,-2,-5,-8
1456704193938996,19,13,-1,0,2,0,-11,-6
1456704193938996,-6,-2,-3,-1,-1,-2,-1,-7
1456704193961962,3,2,12,1,-2,-1,2,2
1456704193961962,3,0,-4,-3,-2,-1,2,17
1456704193962881,-10,1,-6,-2,-2,-1,-11,3
1456704193962881,-2,-17,-7,-1,-3,-2,5,4
1456704193976891,1,8,-1,0,-2,-3,-12,-17
1456704193976891,-5,-7,-1,2,-2,-1,0,-16
1456704193978891,-8,-7,4,-5,-2,-2,-1,-4
1456704193978891,12,6,5,-1,-2,-2,9,-9
1456704193990612,-9,6,3,2,0,0,7,8
1456704193990612,0,-10,-6,-3,-3,-3,-2,-4
1456704193999397,5,-15,1,-3,0,0,-6,2
1456704193999397,-13,1,4,-2,-3,-4,-4,-11
1456704194013400,3,3,-5,-1,0,-1,-7,3
1456704194013400,11,-1,-2,-2,0,2,6,0
1456704194022400,1,-2,-3,2,-2,-5,-8,-5
1456704194022400,-1,7,-3,-3,-4,-1,-5,-2
1456704194036688,-2,-2,-6,0,-1,-2,0,6
1456704194036688,4,-7,-2,-4,-1,-2,-12,-5
1456704194038400,2,10,1,-2,-2,-2,8,1
1456704194038400,2,-5,-5,0,1,0,-2,-5
1456704194050408,-15,1,-5,-1,0,1,-3,-1
1456704194050408,-12,-5,0,1,0,-1,-3,-4
1456704194059401,6,1,-2,-2,-3,-2,-7,18
1456704194059401,35,7,0,0,-1,-1,0,-7
1456704194073411,-20,-5,-3,0,-1,-2,-4,12
1456704194073411,-1,-13,-1,0,0,-1,3,0
1456704194081919,-3,7,18,2,0,1,-3,2
1456704194081919,-8,6,-21,-3,-1,-5,-1,5
1456704194095921,11,-11,-7,-2,0,0,3,-1
1456704194095921,9,10,3,0,-1,-1,16,8
1456704194103993,-21,-4,-7,1,-3,-2,-5,-3
1456704194103993,-13,11,13,1,-2,0,1,-4
1456704194109922,17,-9,2,0,-1,-1,-2,-1
1456704194109922,1,2,-2,-1,-1,-2,0,-11
1456704194118921,0,-1,-7,-3,0,-2,-1,-6
1456704194118921,-5,4,1,-1,0,-1,-11,5
1456704194133921,0,-13,-3,-4,-3,-2,1,2
1456704194133921,-19,0,-1,0,-1,-1,-2,-3
1456704194142922,8,-1,-9,-2,-1,-1,-2,-3
1456704194142922,-11,-10,1,0,1,0,0,4
1456704194156922,-6,5,5,1,-1,-1,-12,-16
1456704194156922,11,1,0,0,-2,-1,15,19
1456704194162924,6,12,3,3,1,-1,-2,-1
1456704194162924,-8,-16,-9,-3,-1,2,-6,-2
1456704194170431,-5,-15,-13,-4,-2,0,-2,-2
1456704194170431,12,11,8,0,0,-1,-7,-7
1456704194179433,-4,-9,-8,-2,-2,-2,-4,-9
1456704194179433,-5,-7,0,-3,-1,-2,7,-2
1456704194193984,-10,1,2,-1,-2,-1,-6,-5
1456704194193984,-11,1,5,-2,1,-1,-3,-1
1456704194201994,11,-1,-17,1,-1,0,0,3
1456704194201994,-11,4,12,1,0,-1,1,-5
1456704194216988,1,-5,-7,-2,0,-1,-1,9
1456704194216988,2,3,1,-1,-1,-1,0,9
1456704194223988,6,-18,0,-2,-2,0,-12,-5
1456704194223988,-3,-1,-8,-2,-2,-3,-10,-2
1456704194229944,7,6,4,0,-2,1,7,-2
1456704194229944,-3,-8,-8,-1,-1,-3,-14,-3
1456704194238986,6,6,1,-1,0,2,27,-4
1456704194238986,1,-6,-2,-1,0,-3,-14,6
1456704194253974,3,12,2,-4,-2,-1,1,4
1456704194253974,6,-1,-4,-3,-2,-1,-3,-16
1456704194262946,-20,-7,-3,-4,-3,-3,-13,-6
1456704194262946,2,-7,0,-1,-3,-1,21,2
1456704194276754,0,3,-1,3,1,-1,3,1
1456704194276754,-4,1,6,-1,-4,-1,-4,-13
1456704194283985,2,-2,-13,-2,0,1,2,14
1456704194283985,-7,-4,-9,2,0,1,-3,0
1456704194299967,8,-8,7,-3,-2,-3,2,1
1456704194299967,1,10,0,2,0,3,-8,5
1456704194300968,2,1,4,0,-1,-1,7,-3
1456704194300968,8,6,4,1,-1,0,-1,-1
1456704194313969,2,-2,1,-2,-1,-2,-14,-8
1456704194313969,-33,-9,-4,-2,-1,-2,5,-7
1456704194321983,13,9,5,-1,0,-2,6,7
1456704194321983,0,-14,-4,-2,-2,-3,-5,4
1456704194335972,-6,-4,1,-1,-2,-2,-3,-6
1456704194335972,-2,1,-4,-1,-1,0,26,2
1456704194343970,5,1,-1,-2,-2,-2,-11,8
1456704194343970,0,18,3,-1,0,0,1,-18
1456704194367010,-4,-13,-5,-2,-2,0,4,1
1456704194367010,3,-11,-10,-2,-1,-4,-15,-1
1456704194368481,-8,-4,1,-4,-3,-1,-1,-9
1456704194368481,6,3,4,-1,-2,0,-5,8
1456704194373781,2,-1,-4,-3,-2,0,-3,-5
1456704194373781,-19,0,2,-1,-1,0,1,2
1456704194381991,-5,0,2,0,1,-2,-6,0
1456704194381991,-1,-10,-4,0,0,-2,13,0
1456704194395990,-5,8,-1,-1,0,-3,-5,-6
1456704194395990,13,-8,16,1,0,0,-3,19
1456704194403991,-15,0,-12,-4,-4,-4,2,-12
1456704194403991,-11,3,-2,-1,-1,1,-12,3
1456704194419992,-10,-1,-6,-2,-3,-2,1,-9
1456704194419992,7,10,11,1,1,-1,-5,5
1456704194420992,0,0,-1,-2,-3,-3,-10,-5
1456704194420992,-3,-9,4,-1,-2,1,-2,11
1456704194433295,-7,5,-27,-2,-2,0,4,-20
1456704194433295,3,-5,-11,-4,-1,-1,-14,-6
1456704194441993,-4,1,2,1,0,0,13,1
1456704194441993,3,-24,-3,-3,-2,-3,-5,-4
1456704194456001,-12,-2,4,1,2,-1,0,10
1456704194456001,3,5,-1,1,-3,-2,-4,-17
1456704194464503,-5,6,-3,-1,-2,-1,-8,-10
1456704194464503,3,-7,-5,-1,0,-1,4,11
1456704194479505,8,1,3,-2,-4,-2,-1,-1
1456704194479505,-2,-5,-9,-3,-1,-3,-5,-11
1456704194481014,-14,7,6,0,0,1,12,-2
1456704194481014,1,-4,-5,-3,-2,-1,-6,-4
1456704194494013,5,4,8,3,-2,0,0,0
1456704194494013,4,6,-4,-3,-1,-2,1,14
1456704194502014,9,-8,0,-2,-3,-4,-10,1
1456704194502014,9,-1,-1,0,0,0,-5,-13
1456704194517014,2,-3,-12,-3,-3,1,10,-1
1456704194517014,-8,-3,-3,-3,-2,-2,0,1
1456704194524014,8,-11,6,-2,-1,-2,-4,-2
1456704194524014,-3,13,1,-1,-1,-3,3,-2
1456704194539023,11,3,1,-2,-2,0,-4,0
1456704194539023,-7,-20,-9,-1,-3,-2,2,2
1456704194541017,11,-6,3,-1,-1,1,0,-5
1456704194541017,-35,8,1,-2,0,-2,1,-1
1456704194554017,-4,2,4,-1,0,0,0,-5
1456704194554017,2,8,-1,-3,-1,0,0,1
1456704194562017,0,-14,-12,-4,-2,-2,-4,5
1456704194562017,-1,-6,-5,-4,-3,-1,-1,-7
1456704194577030,8,-1,-1,-1,1,-3,2,5
1456704194577030,-3,-10,0,1,-1,-1,0,-13
1456704194583324,-11,9,-1,2,-1,0,-5,2
1456704194583324,-6,-11,-1,2,1,0,4,10
1456704194600037,6,6,2,0,-2,0,-2,-9
1456704194600037,21,-2,-2,-2,-1,0,4,12
1456704194601038,1,-5,-3,0,-2,-4,-4,-23
1456704194601038,-2,-2,-6,-8,-9,1,2,-7
1456704194613039,-4,-2,5,7,5,-1,0,2
1456704194613039,-4,7,-5,-2,-3,-2,-4,-10
1456704194622039,6,0,3,0,-1,-3,0,11
1456704194622039,9,8,-2,-1,3,2,0,-4
1456704194636046,-5,-11,-3,-4,-8,-5,-2,28
1456704194636046,-1,-11,-3,1,1,2,3,-6
1456704194643042,-17,6,-29,-6,-6,-7,0,-7
1456704194643042,6,0,11,-7,-6,-2,-8,-10
1456704194660040,16,10,4,1,1,0,-4,23
1456704194660040,-51,2,1,5,2,-2,1,8
1456704194661041,-13,-13,9,2,1,3,3,8
1456704194661041,13,-7,-24,-2,1,-2,-5,-17
1456704194673811,-39,10,0,-5,-4,-1,-2,-1
1456704194673811,32,-5,-7,-2,-1,-3,-3,2
1456704194682057,-7,4,6,1,1,2,-10,-5
1456704194682057,2,6,6,1,-1,1,28,4
1456704194696059,1,-20,-2,3,3,0,-2,-8
1456704194696059,11,0,-5,0,-1,0,-1,-3
1456704194703293,5,5,20,-4,-2,-2,-4,-6
1456704194703293,10,6,-17,-2,-2,-4,-3,4
1456704194718273,-2,8,2,-2,-2,0,2,-6
1456704194718273,-3,-7,-1,-3,-3,-1,2,-7
1456704194727059,7,1,1,-2,-1,-2,-1,4
1456704194727059,-21,-9,7,3,1,-2,-2,1
1456704194734061,15,-5,-6,-3,-1,-3,-4,-3
1456704194734061,-7,16,2,-3,-2,-1,-5,-9
1456704194742061,1,-10,-7,-3,-1,-1,-3,2
1456704194742061,-2,-3,2,0,-1,-3,-4,-6
1456704194756088,-5,5,-2,0,0,-1,-3,-9
1456704194756088,5,-20,-1,-5,-2,-3,2,5
1456704194763063,-5,3,-5,-1,0,-1,-19,-1
1456704194763063,10,2,4,2,0,0,0,4
1456704194779574,6,4,1,-4,-1,-3,9,-12
1456704194779574,-8,3,0,0,-1,-1,0,5
1456704194781085,-1,-7,-5,1,-1,-1,-7,-3
1456704194781085,-15,1,3,4,-1,0,-6,11
1456704194793319,-4,0,-2,0,0,-2,-6,5
1456704194793319,-1,4,0,1,0,0,2,-9
1456704194802086,2,-8,1,-1,-2,-1,-6,2
1456704194802086,2,-6,2,-3,-3,-2,-4,-2
1456704194816350,3,3,-3,-3,-3,-2,3,17
1456704194816350,-3,-5,-4,3,-1,-3,-10,-10
1456704194823320,9,8,-8,-3,-2,0,4,-20
1456704194823320,-7,2,11,0,0,-2,-11,1
1456704194839094,10,-14,-2,-1,-2,0,9,-23
1456704194839094,-22,10,-6,-1,-2,-1,17,15
1456704194841124,1,7,14,2,-1,-2,4,2
1456704194841124,5,3,-14,-6,-4,-1,-3,-4
1456704194853351,-10,-22,-2,-1,-1,-2,-6,-5
1456704194853351,15,-11,0,-2,0,0,-5,-1
1456704194863090,-7,-3,-6,-1,-1,-2,6,0
1456704194863090,-7,19,0,-2,-2,-3,-8,4
1456704194876870,6,-1,8,1,1,-2,-14,-3
1456704194876870,-3,-10,-7,-2,0,-1,3,3
1456704194883883,-3,0,0,2,0,2,4,3
1456704194883883,-3,-2,0,-6,-6,-5,-19,-9
1456704194899891,2,-4,15,1,-1,-1,-5,-10
1456704194899891,-17,16,-28,-4,-2,0,-6,14
1456704194901653,-1,-7,-6,-2,-4,-2,25,-9
1456704194901653,2,-1,17,5,6,1,1,4
1456704194913854,-16,-10,-4,-6,-5,-5,-14,-29
1456704194913854,2,3,13,-1,0,-2,-4,13
1456704194922853,2,-2,-8,-2,-2,1,3,19
1456704194922853,3,-4,-2,-1,-2,-2,6,-9
1456704194936885,-6,5,4,2,2,1,3,5
1456704194936885,4,4,1,-2,-4,-1,-6,-21
1456704194943620,-2,-2,-3,-2,-1,-3,-3,-3
1456704194943620,0,-2,-3,-1,0,0,3,1
1456704194959621,-5,-1,-7,-2,-1,1,0,1
1456704194959621,3,-5,1,1,-2,-1,0,0
1456704194961622,-2,-6,0,-2,-5,-2,-5,-4
1456704194961622,-3,-3,-4,1,-2,0,2,7
1456704194973656,-3,0,-9,-1,-1,1,5,13
1456704194973656,4,-4,4,-1,0,-2,3,-10
1456704194982639,-4,2,0,-1,0,-2,-6,-6
1456704194982639,-1,0,-6,-1,0,0,1,-6
1456704194995640,-10,-17,-6,-3,0,0,2,17
1456704194995640,-1,-4,2,-3,-5,-6,-13,-11
1456704195004657,-2,7,15,2,3,2,11,8
1456704195004657,14,12,-57,-7,-5,-3,-18,-5
1456704195018661,3,-15,7,0,2,2,56,5
1456704195018661,-2,-3,5,-1,-1,0,-14,-7
1456704195025661,2,-6,-9,-4,-3,-5,-7,1
1456704195025661,-12,-2,4,1,3,0,7,5
1456704195033642,2,17,0,-1,-4,-5,-20,-13
1456704195033642,31,-5,2,1,2,2,9,-12
1456704195042642,-8,2,-3,0,2,1,3,6
1456704195042642,3,-6,10,-1,-3,0,0,-1
1456704195056643,-2,-8,-7,0,-1,-3,-13,-2
1456704195056643,-9,3,4,-2,-1,-1,7,4
1456704195070341,5,0,1,-1,0,-1,-12,-1
1456704195070341,-12,-10,-10,-1,0,-3,8,-3
1456704195078896,-9,10,1,-1,-1,-1,0,-1
1456704195078896,10,-9,-6,-1,-3,0,-5,3
1456704195085244,11,-1,-2,-3,-2,-2,-3,-23
1456704195085244,-14,-2,8,1,-1,-2,-12,11
1456704195093297,-1,0,-10,-3,-1,0,12,-4
1456704195093297,-9,8,-3,2,0,1,20,2
1456704195102048,-3,-1,2,-2,-1,-3,-6,-4
1456704195102048,12,-5,4,-3,-2,-5,0,9
1456704195116297,-2,12,4,-2,0,-3,-18,-13
1456704195116297,-8,-18,0,0,0,1,-5,-8
1456704195123292,-1,-1,-6,1,0,1,9,7
1456704195123292,-8,2,7,-6,-6,-2,2,-8
1456704195138056,4,-7,-2,-3,-2,-1,-8,3
1456704195138056,-7,6,-1,-2,-3,-3,-7,-8
1456704195145051,-9,-2,-3,0,0,-1,1,2
1456704195145051,4,-4,1,2,4,1,-2,-7
1456704195153052,-4,2,2,0,-1,1,-1,6
1456704195153052,-6,-7,1,-2,0,-3,-2,2
1456704195162053,-4,1,-5,1,-1,-2,-9,-4
1456704195162053,5,-5,4,0,-2,0,7,5
1456704195176813,11,0,1,-2,-2,-2,-11,-4
1456704195176813,-39,-4,-5,0,1,2,5,19
1456704195183871,-16,8,7,1,-2,0,22,-5
1456704195183871,-6,5,0,-7,-5,-2,-3,-5
1456704195198869,16,-8,-12,-1,-2,-4,-5,-7
1456704195198869,29,3,2,0,-2,-1,-13,16
1456704195207862,-7,-24,2,-1,-1,0,-3,-15
1456704195207862,-2,13,20,2,0,-1,1,-4
1456704195221832,0,-11,-15,-3,-3,-3,4,7
1456704195221832,0,3,-4,-3,-1,-1,-3,-15
1456704195223862,1,2,2,0,-2,-2,-9,5
1456704195223862,13,0,6,2,1,1,8,-3
1456704195235864,-1,6,-1,0,0,-2,-7,-2
1456704195235864,-1,-3,-3,-2,-3,-3,-5,-8
1456704195244861,5,-4,-8,-3,-1,-1,12,4
1456704195244861,-40,-17,-14,-2,-1,-2,-18,-13
1456704195258862,1,15,10,0,0,0,24,5
1456704195258862,-6,-3,-2,0,0,-2,-13,-7
1456704195265301,0,1,-5,-4,-1,0,7,-1
1456704195265301,8,-2,-4,0,-3,-2,1,1
1456704195280911,-13,-6,-4,0,0,-1,-4,2
1456704195280911,-1,-5,3,-2,-3,-4,-4,-7
1456704195283915,4,4,1,1,-1,-1,-16,4
1456704195283915,10,1,-4,-2,-2,-1,0,-15
1456704195295109,-11,-4,-1,0,-2,-1,-5,4
1456704195295109,1,-2,2,-3,-1,-4,4,2
1456704195303918,1,0,-7,-2,-4,-1,-8,-3
1456704195303918,2,-6,5,-1,1,-3,-1,6
1456704195317926,-1,-1,-32,0,0,1,-10,6
1456704195317926,-4,2,7,0,-1,0,15,-11
1456704195324920,-10,-12,2,-2,-3,-1,-9,0
1456704195324920,19,8,15,1,-1,-2,0,4
1456704195340919,-27,4,6,-1,-2,0,1,-2
1456704195340919,17,-9,-7,-2,0,-1,-7,4
1456704195347920,2,3,-6,-1,0,-1,-5,-2
1456704195347920,-14,-2,-3,-2,-1,-3,-8,3
1456704195354926,0,6,9,1,1,1,23,-4
1456704195354926,22,-3,-7,-2,-1,-1,3,10
1456704195363920,-31,-3,2,-5,-5,-5,-5,-9
1456704195363920,2,-9,-23,-4,-3,-3,2,3
1456704195378427,3,-3,4,-3,-3,-3,-16,-3
1456704195378427,-11,3,0,2,0,0,-2,-8
1456704195384932,11,6,-1,-2,-1,-1,3,4
1456704195384932,1,-3,-2,0,0,0,-6,-1
1456704195401933,-13,-4,0,-1,-2,-1,-2,-7
1456704195401933,-14,6,1,0,-1,0,-3,-3
1456704195403933,46,-8,0,-1,-2,-3,-27,-14
1456704195403933,-63,16,-13,-2,0,4,41,9
1456704195414933,31,-42,13,0,0,-1,1,19
1456704195414933,-2,-4,-9,-6,-3,-3,-5,-10
1456704195423935,-18,-4,7,0,0,-3,-7,7
1456704195423935,13,-3,3,3,0,-3,-10,-18
1456704195438934,3,11,-5,-3,-2,-1,0,-9
1456704195438934,-18,3,-2,1,-2,-1,-9,6
1456704195444940,4,-4,-4,0,-2,-1,6,-1
1456704195444940,14,-4,1,-1,-2,-1,-4,0
1456704195461127,-11,5,0,-2,-1,-1,-5,2
1456704195461127,6,-4,1,-1,-2,-2,0,0
1456704195463940,1,6,-7,-2,-1,3,6,4
1456704195463940,7,-5,3,0,-2,0,-1,-1
1456704195475642,-15,2,-3,0,-1,-2,-7,-5
1456704195475642,-20,-5,4,0,-1,-1,1,1
1456704195484339,33,3,-27,-1,0,1,28,18
1456704195484339,-11,-10,27,2,-2,-1,-7,0
1456704195498374,0,16,-11,-2,-2,-5,-1,-14
1456704195498374,-2,-5,-9,-5,1,-2,-3,1
1456704195505538,-15,-15,2,-2,-3,-4,-8,0
1456704195505538,9,-1,-2,-3,-2,-3,-7,3
1456704195522635,3,2,-5,0,-1,-1,-17,-4
1456704195522635,7,2,1,3,1,0,14,10
1456704195524343,-11,7,4,-2,-3,-1,-16,-1
1456704195524343,9,-13,-13,0,4,0,-10,-8
1456704195535632,-2,-5,3,-3,-4,-2,-4,-8
1456704195535632,-5,-1,-5,-2,-1,-2,-3,-8
1456704195544346,7,8,9,2,2,1,4,17
1456704195544346,-12,8,-6,-2,-2,-2,6,-2
1456704195558345,29,-14,-3,-4,-3,-3,2,-10
1456704195558345,-47,-4,19,3,0,-1,4,4
1456704195565345,-4,-8,-6,-3,0,-2,0,-9
1456704195565345,1,4,-8,-3,-1,0,1,-7
1456704195581576,-7,-11,3,1,1,1,2,8
1456704195581576,23,10,-5,-4,-1,-1,3,-5
1456704195583581,-10,1,13,1,-2,-3,-7,-9
1456704195583581,-1,-4,-27,-2,-1,-1,-2,4
1456704195595582,-2,12,4,-3,-3,-2,4,0
1456704195595582,18,-21,2,-1,-3,-2,-8,0
1456704195604852,-28,9,2,0,-1,-1,1,-11
1456704195604852,9,5,3,-2,-1,-2,-5,-7
1456704195618851,-6,-8,-4,-1,-1,0,3,16
1456704195618851,0,5,-7,1,-3,-1,5,-5
1456704195625854,20,6,-1,0,-1,0,-3,1
1456704195625854,2,-10,9,-3,-4,-4,-13,-12
1456704195642929,-14,1,-6,-2,0,0,13,4
1456704195642929,19,3,5,-2,0,0,28,15
1456704195644912,-21,-11,-27,-2,0,0,-1,-11
1456704195644912,1,0,-2,-1,-1,-3,-10,-11
1456704195655592,3,5,6,0,0,-2,-1,2
1456704195655592,-4,0,5,-1,-3,0,-14,-1
1456704195664604,8,2,5,-1,-2,0,5,0
1456704195664604,-6,-5,-20,-2,1,0,0,0
1456704195678597,-6,0,-3,-3,-1,-2,4,-1
1456704195678597,7,8,-2,-1,-1,2,-13,-6
1456704195685609,-10,-11,2,-2,-1,-3,-5,4
1456704195685609,10,2,5,-3,-1,2,-1,4
1456704195702865,-1,0,9,2,3,-2,-4,-7
1456704195702865,-1,-5,-11,-3,-4,-4,-12,-15
1456704195704633,13,0,3,-3,-3,-3,2,5
1456704195704633,-5,-5,5,0,-1,1,3,6
1456704195715866,3,-7,-4,1,0,-2,-7,-12
1456704195715866,1,3,-3,-3,-2,-2,-1,4
1456704195724865,0,2,-3,-3,-1,-2,-1,-6
1456704195724865,-1,1,4,2,-2,-1,3,-9
1456704195738610,-2,0,0,-2,-5,-1,-1,0
1456704195738610,-24,8,0,-1,-1,-1,-3,13
1456704195745609,21,-9,1,-1,0,0,-1,-26
1456704195745609,4,3,-3,0,0,-2,2,7
1456704195761825,5,-7,-5,-11,-8,0,-4,-14
1456704195761825,-33,-10,-5,-4,-3,-2,-4,-6
1456704195763634,-13,7,-12,-2,-3,-3,0,15
1456704195763634,7,-1,8,0,-1,-2,-1,7
1456704195775560,5,-1,5,4,-2,-2,-6,-20
1456704195775560,-5,-5,0,0,2,1,2,-5
1456704195784596,-5,-5,-2,-4,-3,-3,0,12
1456704195784596,-7,-6,-14,-15,-10,-4,-1,1
1456704195798835,18,10,-5,2,0,-2,-1,18
1456704195798835,7,3,7,4,0,0,0,-21
1456704195805830,-3,-2,24,18,7,1,-4,3
1456704195805830,-6,11,-13,1,1,0,2,8
1456704195822835,6,-8,3,-11,-5,-1,-4,-13
1456704195822835,-30,-6,-21,-5,-4,-1,1,10
1456704195824831,11,-4,-1,-1,-2,-3,-2,-6
1456704195824831,-13,-15,6,5,2,-1,3,16
1456704195835832,-8,2,1,14,8,3,1,7
1456704195835832,38,3,-8,-11,-7,-4,-5,-19
1456704195844794,8,2,-38,-6,-3,1,2,6
1456704195844794,-15,5,32,-6,-3,-4,-6,-16
1456704195858832,16,-1,13,14,5,1,13,8
1456704195858832,-8,-4,-13,-6,-5,-4,2,17
1456704195865566,-14,4,0,-9,-5,-3,-5,0
1456704195865566,16,-6,-7,0,1,0,1,-9
1456704195882856,-4,2,-3,-1,0,-1,-5,2
1456704195882856,-7,-9,9,8,2,1,0,0
1456704195884707,-8,-2,4,-1,-2,0,3,-4
1456704195884707,-3,0,-14,-2,-3,-1,-3,-3
1456704195895707,-21,-10,-6,-8,-5,-4,-6,1
1456704195895707,11,2,-5,-9,-7,-3,0,1
1456704195904709,-6,-5,11,0,0,-1,-5,-3
1456704195904709,17,10,12,3,-2,0,0,-5
1456704195918933,-6,5,-7,3,1,1,-4,-3
1456704195918933,-47,-12,6,0,1,1,0,1
1456704195925932,2,5,-3,-5,-4,0,-4,-4
1456704195925932,-4,-9,2,5,4,1,7,3
1456704195942931,-2,-6,-11,-6,-6,-3,-6,-11
1456704195942931,19,-5,10,1,1,-1,-1,3
1456704195944995,2,12,-5,-1,0,-4,-8,-6
1456704195944995,-15,-29,-11,-7,-5,-3,-22,-9
1456704195955712,-5,13,1,-3,-1,0,29,5
1456704195955712,11,3,4,1,0,-1,6,-8
1456704195964713,1,4,-1,0,0,0,-7,-7
1456704195964713,-24,-1,-4,-4,-4,-3,3,-1
1456704195978724,-7,-8,-3,-4,-4,-2,-7,-12
1456704195978724,15,11,3,0,0,0,-5,3
1456704195985733,-9,-7,-1,-3,-1,-2,-12,-48
1456704195985733,0,2,0,-2,-1,0,27,23
1456704196001852,-9,-6,1,-4,-3,-3,-9,-11
1456704196001852,6,7,-27,-4,-1,-1,5,19
1456704196008860,3,-23,-17,-2,-5,-4,-10,16
1456704196008860,4,8,10,1,2,-2,-13,-15
1456704196015857,9,4,-4,-2,0,0,6,-9
1456704196015857,-17,0,7,2,-1,-1,-5,2
1456704196024861,6,-20,-8,-6,-3,0,3,2
1456704196024861,-7,4,16,3,-1,-2,-9,-12
1456704196038733,15,0,-21,-5,-2,0,-6,20
1456704196038733,5,-8,-10,-2,-3,-2,-5,-11
1456704196044733,-13,8,8,1,0,0,4,7
1456704196044733,0,12,-3,-3,-1,-1,6,1
1456704196061850,-9,-10,8,2,0,-1,-9,-1
1456704196061850,4,-11,2,-1,-1,-1,-2,-15
1456704196068811,-3,4,8,-1,-2,-2,8,5
1456704196068811,14,-1,-13,-1,-1,-1,-1,4
1456704196075856,-7,7,-1,0,-1,-1,-3,1
1456704196075856,2,2,0,-3,-4,-2,-5,-6
1456704196083978,2,-11,0,-3,-2,-2,-1,15
1456704196083978,3,4,-2,0,1,3,8,-4
1456704196098141,17,3,3,0,2,1,-5,9
1456704196098141,-71,-7,4,2,1,0,4,-13
1456704196105191,16,1,8,0,-1,-2,-27,-15
1456704196105191,12,-1,-2,5,2,1,8,40
1456704196121981,-19,0,-12,-13,-11,-3,46,-18
1456704196121981,28,-1,-2,-3,-1,-3,-2,20
1456704196128983,-13,7,-3,-2,0,-1,3,-8
1456704196128983,-6,-8,-7,-1,0,-1,-16,-9
1456704196135981,-5,-1,-5,3,2,-1,-16,6
1456704196135981,10,3,2,0,-1,0,1,-7
1456704196143983,-9,-10,3,0,-3,0,11,2
1456704196143983,8,-8,-11,-3,-2,-3,-1,-3
1456704196158983,-6,6,17,1,-1,0,-7,4
1456704196158983,16,-1,12,0,-1,-2,-4,-14
1456704196164985,-22,2,-6,2,0,0,-6,16
1456704196164985,-10,0,-4,-6,-2,0,3,5
1456704196181709,20,4,-1,-1,0,-1,0,-21
1456704196181709,1,-4,2,4,2,1,10,15
1456704196188261,6,3,-1,-2,-2,0,2,-5
1456704196188261,2,2,-1,-3,-4,-4,-14,-10
1456704196204210,-7,-11,14,0,-2,-3,9,7
1456704196204210,6,6,-4,1,1,-1,-11,0
1456704196205999,1,1,0,-5,-1,-1,1,0
1456704196205999,-10,5,1,-1,-3,-1,13,-31
1456704196218214,18,4,8,2,1,-1,-19,11
1456704196218214,4,-2,-2,-3,-1,1,1,-5
1456704196225215,-5,-10,-5,0,0,-1,-3,-3
1456704196225215,11,-3,10,-3,-4,-2,-8,9
1456704196242001,-12,-4,-15,0,2,1,-7,1
1456704196242001,-4,-10,-17,-3,-3,-3,-1,-14
1456704196248322,-5,7,-1,-3,-2,-2,5,-5
1456704196248322,4,8,9,1,2,1,-1,6
1456704196264016,6,-12,-4,0,-1,0,0,-18
1456704196264016,-13,12,10,1,1,0,-1,5
1456704196266512,2,-4,-2,-3,-3,-1,1,-4
1456704196266512,-1,-11,-9,-2,-2,-4,-3,-2
1456704196279012,-2,-2,-1,-3,-3,-3,-10,10
1456704196279012,16,3,-12,-1,0,-3,-7,-6
1456704196285856,7,2,10,2,1,2,-7,-3
1456704196285856,-5,1,-2,1,-1,0,12,-1
1456704196301854,-14,-6,-5,-2,-1,0,-5,3
1456704196301854,4,-6,-2,-2,0,-1,-1,-6
1456704196308857,-13,-1,2,-2,-2,-1,-3,4
1456704196308857,-13,1,-8,-1,-2,-1,-21,-10
1456704196324565,13,2,0,-3,-2,-1,27,16
1456704196324565,24,-1,0,-4,-3,-4,-20,-1
1456704196326559,8,12,-3,0,-3,1,39,9
1456704196326559,5,-4,1,-1,1,-1,-19,4
1456704196338559,-14,-22,-2,-1,-2,0,11,-8
1456704196338559,9,6,3,2,-2,0,-3,-3
1456704196345525,6,-5,2,1,-1,-1,-8,1
1456704196345525,-26,-4,-5,-3,-2,-1,7,-7
1456704196361861,4,4,9,-2,-2,-3,-16,-5
1456704196361861,6,6,-7,0,-2,0,4,17
1456704196368581,-6,2,2,1,-1,-2,0,-14
1456704196368581,4,-8,-27,-2,-2,0,8,6
1456704196384846,-8,-10,0,-1,-1,-2,-14,-5
1456704196384846,-17,-1,12,-1,-1,0,3,2
1456704196386844,-19,-8,-8,0,-1,-3,-20,6
1456704196386844,21,14,11,1,-1,0,-1,-3
1456704196398841,-9,0,-10,-5,-5,-2,-10,-6
1456704196398841,-3,-10,-4,-6,-4,-3,2,-23
1456704196405847,3,-1,7,-2,0,-3,4,31
1456704196405847,-1,-2,-2,-3,0,-3,3,-27
1456704196421915,2,13,2,2,1,0,-19,7
1456704196421915,0,-4,4,0,0,3,12,8
1456704196428786,9,9,8,4,1,1,0,2
1456704196428786,-9,-9,2,-4,-5,-6,-8,-4
1456704196444787,4,5,-8,-6,-3,-3,2,1
1456704196444787,-3,-9,3,0,-1,-3,-5,-2
1456704196446787,4,0,2,6,3,0,-2,-13
1456704196446787,10,6,-4,3,3,3,3,8
1456704196458960,-3,0,-9,-7,-6,-2,-7,-3
1456704196458960,-6,5,-3,-2,-2,-3,-9,3
1456704196467421,2,-14,-8,-5,-3,-1,1,1
1456704196467421,-3,-6,9,2,1,0,3,1
1456704196481922,-17,0,2,2,2,-1,-2,6
1456704196481922,4,-8,9,-2,-3,-2,3,-6
1456704196488263,-5,8,-30,-4,-3,-2,3,-12
1456704196488263,7,-2,2,-2,0,0,7,0
1456704196504931,-19,-10,-8,-1,-2,-3,3,-4
1456704196504931,4,4,2,2,-1,0,-6,9
1456704196505932,-4,14,1,-5,-2,-3,-7,-15
1456704196505932,-8,-26,-7,-3,-2,0,1,-11
1456704196518932,-9,-1,-1,0,-1,-5,-2,12
1456704196518932,16,6,3,2,3,0,-4,-9
1456704196526933,8,-9,-3,-5,-3,-2,-1,10
1456704196526933,-1,13,4,4,0,1,0,-5
1456704196540941,22,2,4,2,2,0,-1,-9
1456704196540941,-4,-12,-9,-6,-2,-2,3,5
1456704196547935,-8,-8,1,-4,-3,-2,-2,-8
1456704196547935,15,4,2,0,0,-1,-4,-14
1456704196563936,6,-5,-1,3,0,-1,1,9
1456704196563936,-12,5,-3,0,-1,0,-1,-3
1456704196565936,0,-3,-3,-4,-3,0,-10,6
1456704196565936,-6,-7,-3,-3,-1,-3,18,7
1456704196578946,-3,15,4,-2,-2,0,-3,-12
1456704196578946,-3,-7,-8,0,0,-1,0,2
1456704196586952,-11,-12,-14,1,-1,-4,-3,5
1456704196586952,1,4,4,0,-1,1,-22,4
1456704196601953,-1,0,0,-2,-2,-1,3,-6
1456704196601953,7,-6,-19,-1,-4,0,4,-1
1456704196608953,-27,1,11,3,-1,-2,-9,-1
1456704196608953,3,0,-9,-3,-1,-2,3,15
1456704196624954,19,-12,2,-1,-1,-1,-5,-28
1456704196624954,3,14,3,1,-1,-3,-5,19
1456704196625955,0,4,2,1,2,2,6,-8
1456704196625955,-8,-17,-5,-2,-5,-2,-12,1
1456704196637997,0,5,3,-2,-3,-2,1,8
1456704196637997,-8,-6,-2,-3,0,-2,1,-17
1456704196646957,-5,7,3,1,0,-1,1,7
1456704196646957,-1,0,10,1,1,-1,1,1
1456704196661967,4,-5,-7,-3,-1,-1,5,-3
1456704196661967,-15,0,15,3,-1,-2,-2,-20
1456704196668516,2,1,-1,0,-1,0,-11,11
1456704196668516,13,-8,-7,-2,-1,2,29,-1
1456704196684636,-21,2,-3,-2,-1,-3,-4,4
1456704196684636,-7,0,4,2,1,-1,-15,-2
1456704196686354,16,-7,2,-4,-3,-2,2,-10
1456704196686354,-7,7,1,1,0,-3,-10,4
1456704196698508,-12,-9,-3,1,1,2,6,6
1456704196698508,21,9,1,-4,-1,-2,1,-7
1456704196707356,-38,-10,-1,-1,-1,-1,5,3
1456704196707356,-7,-4,-4,-3,-1,-1,-11,-4
1456704196721362,12,20,3,3,2,1,6,-10
1456704196721362,-11,-16,-7,-5,-3,-3,-11,-3
1456704196728655,13,-2,-5,-1,1,0,4,-5
1456704196728655,0,7,0,-1,-3,-3,8,6
1456704196744364,-16,-8,-8,-4,-2,-2,-9,5
1456704196744364,-1,-1,-9,-1,-2,-1,6,0
1456704196746360,5,-9,6,-7,-4,-5,-2,-18
1456704196746360,-9,4,5,1,2,1,-3,16
1456704196758661,1,-1,-5,2,-1,0,3,-13
1456704196758661,5,0,-1,0,-2,0,0,8
1456704196767359,-1,-5,-5,-2,-3,-2,-2,-8
1456704196767359,-23,1,9,1,-1,-1,-3,-6
1456704196781674,4,3,-5,-5,-3,-2,25,12
1456704196781674,-15,-10,-2,-6,-1,-1,-5,-11
1456704196788680,7,6,6,3,1,0,2,4
1456704196788680,5,-18,-15,-7,-2,-2,-9,-4
1456704196804677,1,-7,2,-2,-2,-2,-8,4
1456704196804677,-12,23,3,1,-2,-2,1,15
1456704196806376,21,0,-5,-2,-3,-3,1,-19
1456704196806376,16,-7,-5,-3,-2,-2,-4,-9
1456704196818669,-58,-13,-2,-1,-1,-1,-2,2
1456704196818669,7,-2,11,-3,-3,-1,-2,-3
1456704196827378,2,-3,-21,3,3,1,0,-9
1456704196827378,-2,22,15,0,-1,-2,4,6
1456704196841380,6,8,4,-1,0,-2,-9,-4
1456704196841380,-3,-20,-6,0,1,-2,-2,2
1456704196848380,7,0,3,-3,-1,1,10,9
1456704196848380,-17,-4,0,-4,-4,-4,-12,-11
1456704196864380,10,6,-13,-1,-1,0,-14,8
1456704196864380,-3,0,-7,-3,-2,0,7,-7
1456704196866380,14,-7,8,-2,-3,-2,-5,-12
1456704196866380,-4,1,-6,3,3,0,-5,-4
1456704196878537,8,-7,-1,-3,-4,-3,-21,1
1456704196878537,-8,-6,-4,-2,-3,-1,9,0
1456704196887245,-5,-6,-7,-4,0,-1,-4,12
1456704196887245,-6,5,0,-1,-3,-1,-5,-13
1456704196901546,3,-3,3,3,2,0,2,-4
1456704196901546,5,5,-8,0,-1,-3,-14,-3
1456704196908546,-9,-3,4,2,1,2,0,12
1456704196908546,-2,-8,-9,-4,-3,-2,-3,-5
1456704196923534,10,7,4,-3,0,0,-2,-3
1456704196923534,14,-11,1,0,-1,-1,0,4
1456704196930250,-33,9,-2,-7,-4,-5,-17,-5
1456704196930250,3,-9,-3,-1,-1,-2,13,18
1456704196947249,6,0,-6,2,0,1,-3,-13
1456704196947249,4,25,6,1,-1,1,3,9
1456704196949249,6,-23,18,2,0,-1,2,-8
1456704196949249,2,-1,-16,-4,-3,-1,-9,-5
1456704196961549,-4,-8,0,-3,-4,-5,-4,-4
1456704196961549,-8,3,-1,2,0,-1,5,-3
1456704196968256,9,18,18,2,1,0,-1,9
1456704196968256,-1,-4,-2,-1,-3,-1,0,-11
1456704196983486,-2,0,0,-1,0,-1,-2,15
1456704196983486,-6,-1,-8,0,0,0,-4,-8
1456704196990752,11,-5,-15,-5,-5,-4,6,0
1456704196990752,1,3,11,4,2,-1,-16,1
1456704196998499,8,-1,-7,1,0,0,27,-1
1456704196998499,-18,-10,-6,-1,-1,-2,-6,-4
1456704197007724,8,-9,-8,-2,-2,-1,6,-1
1456704197007724,-3,-3,-2,-2,-3,0,4,1
1456704197021828,2,8,0,-2,-1,-1,1,-1
1456704197021828,19,-8,3,-1,-2,-3,-7,-1
1456704197028829,-57,-6,-2,0,-1,1,-8,4
1456704197028829,6,13,4,0,-1,-1,-5,-5
1456704197043501,2,-6,-5,-4,-4,-2,-7,-1
1456704197043501,-5,-17,-25,-3,-3,-2,3,-15
1456704197050829,8,13,-6,-1,0,-1,-6,12
1456704197050829,1,-15,-6,-1,0,-2,3,1
1456704197058825,-12,-2,12,1,-1,-1,-14,-6
1456704197058825,1,8,5,-4,-3,-1,0,0
1456704197067511,14,0,-3,1,1,-1,2,3
1456704197067511,-5,-5,5,0,-3,-3,0,-2
1456704197081521,6,-4,-4,-5,1,-2,-4,-4
1456704197081521,-16,-2,-2,-4,-3,-2,6,12
1456704197088871,-6,-7,-8,-1,-2,-2,2,-13
1456704197088871,6,9,11,3,2,0,5,7
1456704197103832,2,6,-3,-2,-1,-1,0,-2
1456704197103832,7,-9,1,-2,-3,-3,-16,-7
1456704197110874,-4,0,6,0,-2,-2,17,-1
1456704197110874,1,-9,-29,-5,-4,-3,7,2
1456704197127871,9,4,6,3,1,0,-23,4
1456704197127871,-36,-2,11,0,0,-1,13,-5
1456704197129557,14,-4,-22,-1,-1,-1,-4,14
1456704197129557,-8,-8,1,-1,-2,-6,-13,-12
1456704197141540,-20,-3,4,2,1,-1,6,-6
1456704197141540,11,10,2,1,0,-2,-8,18
1456704197148533,19,1,6,-1,-2,-2,-2,-19
1456704197148533,-24,3,0,0,-1,1,-1,0
1456704197163535,-6,-8,-8,-1,-4,-3,3,2
1456704197163535,15,-13,7,-2,0,-1,-7,-16
1456704197170343,-9,25,6,-1,-1,1,9,14
1456704197170343,11,-17,-7,-6,-1,0,-3,-4
1456704197187855,1,-10,-1,-1,-1,-2,6,-8
1456704197187855,-9,-1,-6,-1,-1,-1,-6,7
1456704197188745,-3,5,2,-1,-2,-1,-7,-5
1456704197188745,12,10,1,1,1,1,-13,-16
1456704197201900,-5,-16,5,-1,-2,-2,3,2
1456704197201900,4,8,-2,0,-2,-1,11,-6
1456704197208851,18,10,-3,-1,1,-1,-15,6
1456704197208851,-10,-2,21,0,-3,-3,-5,-2
1456704197223851,14,-1,-8,-3,-1,-1,2,-6
1456704197223851,-7,-4,6,-1,0,1,0,-3
1456704197230747,-1,-11,-9,-1,-1,0,0,-3
1456704197230747,4,3,5,-4,-2,-1,7,1
1456704197247748,-27,11,-3,-2,-3,-2,-3,-3
1456704197247748,12,-10,-4,-1,-1,0,-5,-3
1456704197248749,8,4,10,0,-1,-2,16,-9
1456704197248749,-9,2,-5,-1,0,0,2,-4
1456704197261809,0,-12,0,-1,-1,-2,-18,3
1456704197261809,-6,12,-4,0,-1,0,17,3
1456704197268742,-10,-19,-4,-4,-4,-4,0,-1
1456704197268742,-7,3,-7,-3,-3,-2,-5,-6
1456704197292805,1,8,1,1,0,-1,2,1
1456704197292805,18,-5,-2,-3,0,-1,23,-2
1456704197294770,-17,-1,-6,-2,-1,-1,-19,-12
1456704197294770,6,1,-4,-2,1,0,13,-2
1456704197307808,-5,-5,3,0,-2,-1,-9,-1
1456704197307808,16,-13,0,-3,-2,-4,-9,-2
1456704197308806,5,5,0,0,-1,-1,-4,-1
1456704197308806,3,6,-3,-1,-1,0,1,7
1456704197321876,-7,-6,0,-1,-3,-2,4,3
1456704197321876,12,10,2,0,-2,-2,-7,-18
1456704197327712,-7,-1,-23,-5,-2,-2,0,-2
1456704197327712,-13,-18,-6,-1,0,-2,-16,5
1456704197343830,9,8,8,2,3,1,16,-2
1456704197343830,-10,-5,-12,-4,-2,-2,0,19
1456704197350713,-23,9,22,0,1,0,-8,-6
1456704197350713,1,-3,-1,0,0,-1,8,0
1456704197367714,-1,2,-9,-5,-1,-1,0,-19
1456704197367714,-6,-1,-3,-3,-2,0,-10,1
1456704197369221,-9,-6,-5,-3,-2,-3,-4,0
1456704197369221,-4,5,1,1,-2,-2,-10,3
1456704197381783,13,-16,7,0,1,4,47,6
1456704197381783,-20,11,-24,0,-1,-2,-12,0
1456704197388208,10,-13,-10,-5,-3,0,6,-4
1456704197388208,-7,-9,26,4,0,-2,-11,2
1456704197403164,1,10,-4,-1,-1,-3,-11,1
1456704197403164,-5,-6,-2,1,0,-1,-3,-3
1456704197410163,0,-2,22,1,0,-2,0,0
1456704197410163,17,13,-29,-4,-1,-1,0,-2
1456704197427217,-51,-4,-1,-1,1,-1,-16,14
1456704197427217,-13,-15,11,1,1,2,26,-14
1456704197428983,7,20,5,-1,-3,-2,-8,0
1456704197428983,1,-14,0,0,-2,0,12,-14
1456704197440950,16,-7,-2,-4,-4,-1,-7,17
1456704197440950,-14,11,-2,-2,1,-1,-19,-2
1456704197447964,2,-14,-1,1,0,1,16,-2
1456704197447964,-5,12,-1,-2,-1,0,-7,-2
1456704197462951,3,12,8,0,0,-1,-1,-8
1456704197462951,-4,-21,-3,-3,-3,-3,-11,-3
1456704197470477,-1,-13,-3,-1,-2,-3,-6,9
1456704197470477,5,17,-4,-2,0,-1,15,5
1456704197487819,-13,-19,2,1,-1,0,-5,-21
1456704197487819,19,5,6,-1,-1,0,1,10
1456704197489485,-10,4,-6,-1,-3,-2,-11,-5
1456704197489485,1,-20,-8,-5,-4,-2,-2,-7
1456704197501817,-12,3,-1,-1,-4,-5,-6,7
1456704197501817,6,0,-2,-1,-1,1,10,-1
1456704197508817,0,0,-5,-3,-1,1,-16,-6
1456704197508817,-8,6,-1,-3,-3,-2,-8,11
1456704197523785,-4,-6,-5,-4,-1,0,26,-8
1456704197523785,-4,1,-1,0,-2,-3,-20,-8
1456704197530488,8,1,4,-2,-3,-1,-2,7
1456704197530488,-9,-1,-3,-1,2,0,30,-4
1456704197547489,15,-6,6,-4,-3,-3,-19,-2
1456704197547489,-10,10,-4,0,2,2,2,3
1456704197549489,14,6,2,0,1,-3,2,-7
1456704197549489,8,-16,1,0,-3,-2,-5,15
